name,t0_year,treated,case_per_t.pre20,case_per_t.pre19,case_per_t.pre18,case_per_t.pre17,case_per_t.pre16,case_per_t.pre15,case_per_t.pre14,case_per_t.pre13,case_per_t.pre12,case_per_t.pre11,case_per_t.pre10,case_per_t.pre9,case_per_t.pre8,case_per_t.pre7,case_per_t.pre6,case_per_t.pre5,case_per_t.pre4,case_per_t.pre3,case_per_t.pre2,case_per_t.pre1,case_per_t.0,case_per_t.1,case_per_t.2,case_per_t.3,case_per_t.4,case_per_t.5,case_per_t.6
Albania,2010,1,16.65793408390947,17.03384668129877,17.186427388152715,17.3975850303986,17.79683844546094,18.545171191021723,19.33155368015421,20.38699849219304,21.51138074431123,22.562241498106328,23.77836127686809,24.505804083625335,25.267370477317343,25.901956036551987,26.414803866216,26.86745783727441,27.38336273415255,27.802197765197977,28.60502817141302,29.356598539582496,29.74952806725389,30.07061488127303,30.508884805928556,31.128889859113283,31.90573963415647,32.781928577850614,33.483872784717924
Algeria,0,0,4.841734579975898,4.729855424814379,4.650600307785803,4.642359836577139,4.3376341106350065,4.095991726451082,3.8947098227223425,3.785045987373188,3.7370694728904543,3.5792236767751047,3.636151311359465,3.6911856279904898,3.7868720362345054,3.966609672721218,3.915400035438892,3.918198672308606,3.9339079734979556,3.954844248361955,3.980215274283884,4.046349736745187,4.127151103206223,4.212045919606735,4.297306051780088,4.412100074456266,4.508969086589814,7.272141542,7.439557073
Angola,0,0,3.2526527449126243,3.1943295946078645,3.1467548317863927,3.1111769242546092,3.03158411085222,2.939500948521111,2.8619234875908224,2.798031193421816,2.7472210781058704,2.6793143981267753,2.6154978435927494,2.5778803791765976,2.535699438824898,2.497735366018573,2.484180446508309,2.4736718238767472,2.471695229400051,2.4678565043733363,2.4706880347686,2.48535754186715,2.506977378656341,2.530079237275399,2.55558533582775,2.58571286146581,2.6116684410169695,5.012483535,5.110692055
Argentina,2012,1,26.116992530716402,25.94410738171739,25.991006686138217,26.110302442551674,26.085915896715168,25.808500319063864,25.68625503976311,25.48678103166521,25.225709800244072,24.936148655137924,24.92350207897761,24.913892524196548,24.768776448698258,24.585963246167864,24.61282901478233,24.819662323412864,24.854018168939895,24.836852878653165,24.834700153987207,24.812676420555825,24.796642467828608,24.781641371624982,24.75510610623513,25.027238498704186,25.25223003393777,30.40077394,30.38898745
Armenia,0,0,28.997740224583335,30.385259362536647,31.200512598122096,30.753890858591966,30.83883564646695,30.729176807110953,31.048116393684673,31.87353918071103,32.019512659153634,32.76967868866216,32.938955350998164,33.681275095777316,34.885019070454874,36.99037521693833,39.059243802439305,39.01091687793999,40.698992129288094,40.98585433853607,40.23961236069474,39.93831469517504,38.98151297447958,37.70336275660522,38.008476162124545,39.12072872227154,38.8638579744134,42.63346446,43.49674859
Australia,0,0,41.37267790797371,41.72666553461256,42.41612993559227,42.64901505090749,43.025339959587136,43.11173516228331,43.16557105445994,43.40188101025045,43.94408186707044,44.40617112244372,44.98895752974343,45.309418257486655,46.09567057841549,46.41712593406162,46.45848129520386,47.08401352052085,47.98928900852738,48.97158821115911,50.183076696131714,50.89166421665438,51.47908600822619,52.37047060745813,53.37334977133362,54.410113875149875,55.24799049494093,50.07737415,51.44908933
Austria,0,0,45.90707294455131,46.26017929241086,46.33071232055774,46.837566577313986,47.433495870155824,47.779623623924635,48.15759825162731,48.518303312027896,48.7394099979954,48.68835293615888,49.439139554937,49.974370255064905,50.445143800157766,51.06936471334053,51.864266449589486,52.91371079238628,54.1019307105357,55.32172253189766,56.130015960008635,57.46490883847179,58.68535328210908,59.522940514206496,59.98135345637368,60.048487168186696,60.47271110679724,58.32379986,57.52689249
Azerbaijan,0,0,15.172885580563662,14.691519453487754,14.509481277685264,13.519457113671704,13.002576323586243,12.660734220010843,12.388853784910905,12.368168864113246,12.263623487314565,12.24861919321432,12.416008419043193,12.754035049367875,12.830433997471857,12.903114331166547,13.26835247597103,13.614021185601251,14.23203322911199,14.540456764167462,15.164232988143134,15.347186474513148,15.712822070736586,16.11715061197534,16.569343578590175,17.12158374338724,17.41527711335287,22.27199178,22.52246537
Bahamas,0,0,9.311049964665372,9.156475384132957,9.33119206522409,10.086409045645821,10.067610395098246,10.484996328685321,10.695113558155539,10.436539108966445,10.468217886560755,10.59751898433008,10.95375694360928,11.292686899397362,11.009962589332472,11.414569275476529,11.207375721984583,11.248210511964007,11.371042830540036,11.62471395881007,11.866928122253027,12.255863041356237,12.517155736960952,13.07324832090467,13.40168634064081,13.722608230892572,14.230412015145943,14.29402045,14.76853197
Bahrain,0,0,9.72887616090785,9.457080408495147,9.290562055350353,9.192865683397848,9.114144550954705,9.053211570495204,8.955559502490642,8.530492977660478,8.268006800981027,8.032399111174826,7.745463449138939,7.369899885451287,7.143494094084926,6.927910369034939,6.6296405658044515,6.390430185998201,6.229786165101893,6.102567348058139,6.052234572040126,6.0462245130277825,6.03411536822412,6.04397317473607,6.053561444621663,6.0421925672794385,6.119401624218943,8.067787146,8.843911954
Bangladesh,0,0,8.41658447216871,8.408714182276476,8.41418739806647,8.524117140886068,8.565096687225314,8.571222585152329,8.656004298825286,8.60387385842704,8.904551448621316,8.499323334817628,8.403262073316478,8.404648485582905,8.841992661915437,9.34953988910962,9.7152553831627,10.273475997516087,10.480473730473918,10.848457933417004,11.42933458308064,12.119421301893482,13.11010489912989,14.304469676514447,15.92050629125001,16.951445928060483,17.669352702784213,5.55850517,5.814318963
Barbados,2010,1,10.01406491321527,10.320260240080637,10.723116132222604,10.75154716923928,10.857214044916251,11.009381286307834,10.904447531707902,10.824698060652615,10.700468563196626,10.556284779353312,10.614671228789994,10.447936468325908,10.17836831575983,10.275907571510327,10.258533945067441,10.484221192819918,10.646004144517523,10.710402904905257,10.794939023954619,11.013599803633491,11.22528187260528,11.452822921194258,11.734309018745284,12.061457505258641,12.386553146669007,12.771311512755538,13.128153451038846
Belarus,0,0,42.952115554589795,45.535962809049664,46.21854696730357,47.12693392699958,46.39616109699143,46.03074712726045,45.23418126138867,44.40496999123743,42.88875016157946,42.76546351334923,42.19927772892089,40.96818240418327,40.63680031111558,40.303024188437085,39.0854732426826,37.56163219294143,37.470776874648735,37.42552408664325,37.65912864794372,37.61566569357986,35.5177119619733,34.47005473032425,33.92342606219072,34.563404838942205,35.36831718320705,38.67857827,38.91229059
Belgium,0,0,74.30784065317837,74.97633738989883,74.46496269179406,73.86987880113381,71.94802767884684,69.96806382716457,70.44706815872338,69.67707855506409,70.21953420314595,71.71739462230852,72.46439367508373,71.17931121353205,71.48490610957327,71.73427562053274,71.6995649774108,72.6971399531325,73.89813214281679,74.96610241862797,76.02151917299354,76.50433075345906,77.65942926453496,78.06355660296286,77.49278106088674,78.04982279889404,78.71306884519878,76.1421909,75.87254349
Belize,0,0,5.5783125090055785,5.996204933586338,6.356636040440502,6.808013065200376,6.8754095291584765,7.148820940990635,7.266078315555401,7.3228191598424965,7.4036634183817895,7.499960794768455,7.34030268267864,7.230131983312796,7.059266009923475,7.107167774261976,7.160068374190803,7.136383853179101,7.258280045107588,7.408113648281453,7.430263749554215,7.518865296333531,7.662699222783363,7.827437685670236,8.008693535880644,8.217751007131657,8.425647192310512,8.379126861,8.776341551
Bosnia and Herzegovina,0,0,38.774605407644856,39.806910618935305,40.97012417290673,42.142579005909816,43.02576307260164,43.89157590730367,44.949600170097085,45.63903003537204,46.850907555390634,47.36528741471873,48.454416395855816,49.693276157248235,50.61349122813543,51.61218187400208,52.948381350085064,54.10319095586228,55.1786356888879,56.28455451030463,57.84408921062276,59.31049966772944,60.89034810811291,62.90948055636005,65.32540939305122,66.91536209942258,68.33078234029666,70.32309445,72.1982112
Botswana,0,0,7.451921137684895,7.685600131512175,7.998265066827701,8.363889072287607,8.662053639072681,8.958572444989173,9.288456156672021,9.633847950020494,10.00588438253233,9.881923287756303,9.765715515972023,9.57860039310719,9.342787702070705,9.09299601962562,8.991176587536106,8.88209706642324,8.816393093468696,8.746886989728665,8.747394452032252,8.721319674546963,8.765654793628597,8.838569325073658,8.868060665923272,8.936604429824644,8.987812076808222,12.18490714,12.49145124
Brazil,2012,1,9.279532832563792,9.434807927411192,9.672719809447894,9.911499198718744,10.096511318474011,10.315051973922511,10.539937764795157,10.841407704889837,11.08203697688349,11.228421789151497,11.412633781295957,11.706478467068484,11.975056595697371,12.202354747810297,12.330226062116099,12.478653800026608,12.624732749293052,12.762027970951355,12.941152383775893,13.142520985328366,13.344764602451418,13.616433410819988,13.90778225124902,14.23630341048712,14.493775257192539,16.16594251,16.40650851
Bulgaria,2012,1,38.26905431792645,39.315237763288486,40.32466754962433,40.79910379015537,40.71494492412015,40.81547456060272,40.55161415107525,40.15395175811242,40.18030464964508,41.311166664294376,42.920006364549614,44.43735935478984,46.11383386506947,48.51408256878338,49.661742855105544,50.447309318681285,50.98323523825832,51.18274127426322,51.70723831835664,51.63188142935372,51.52446903100623,51.36959291077981,50.75708014105326,50.68994931868819,50.78535911811491,70.49207191,70.09275717
Burkina Faso,2010,1,1.8129542812970965,1.788822780247613,1.7666780322057067,1.7543101142499955,1.7329857310852737,1.7172652202008347,1.6871154702318598,1.669393201589566,1.6575312967180682,1.6424265973309926,1.6390489587697261,1.5940272201915027,1.5630723486522557,1.5318511241424482,1.5070707542015027,1.4886825185787296,1.4815781102745622,1.481052276837214,1.4821924848831411,1.4883332767544337,1.4980252429781307,1.498453386925624,1.5027229083234024,1.5050849038098109,1.510005470820047,1.518115120987602,1.5283956377521606
Cabo Verde,0,0,6.192324665577926,6.244929068423771,6.320252703840769,6.451145259495506,6.48239211393234,6.557855573806179,6.634942413936046,6.740301006526247,6.896664471318004,7.00939405693354,7.167770992538745,7.383452797688503,7.59495334184517,7.785605376710997,7.8564105624601694,7.904148256982698,7.994243479201241,8.085610900266508,8.184409025584397,8.040364191814103,7.93284788843344,7.83405635674366,7.748767066196388,7.725730838129358,7.7399555672704,10.48652843,12.41693579
Cameroon,0,0,3.5114207377431685,3.4986537330931498,3.458625658662572,3.4375775736206746,3.438669133905745,3.4675446465544426,3.497609172432173,3.5587527703707855,3.650071187571645,3.6524156392370855,3.652062756130864,3.6589178809738954,3.6693214252564497,3.6813566800019486,3.6426238239406894,3.62236918684037,3.5765421468207483,3.5331619801230145,3.5048509343286707,3.4837670698990046,3.46446706945741,3.450648403563842,3.442179084751144,3.439338432859011,3.437896539112264,5.257258045,5.327439521
Canada,0,0,55.23860339814257,56.14053509382193,56.7336339862299,57.88325023237928,58.180422717590254,58.225173132782814,59.090126924491535,59.91305762525967,60.439103127088714,61.033589545526425,62.02828762006626,62.935445512815235,64.70493482365968,66.01852458055983,66.67892904320858,65.66710323580587,65.5341614873205,65.70287248510544,66.1441653286973,67.00189357229122,67.76240009066025,68.68914174102899,69.9741107108909,71.80476727553958,72.9043035144753,78.87880527,81.77277999
Central African Republic,0,0,5.855227497908243,5.818167731837061,5.838564830748925,5.862854993790847,5.859317732869642,5.837110368019168,5.82364763479054,5.832459017222785,5.846851229569328,5.807336669159939,5.773607365767968,5.745410229092403,5.722138760160338,5.70426755283059,5.665754023421138,5.627436276859193,5.603074670845103,5.606296351711525,5.6558762550535535,5.720992368917216,5.811679756451782,5.907671969864735,5.999322158582187,6.082341402096649,6.156445921850424,5.395063331,5.389955967
Chad,2010,1,2.2952249192973633,2.2712046366096943,2.2483218995394023,2.2300681375853624,2.2273813654714893,2.2035163539086633,2.227562807424216,2.2433548957325744,2.2609884385602004,2.3074348000355624,2.3453580054894565,2.330938670662035,2.3233700984984744,2.3151484337437314,2.3277407632298317,2.3181001977887674,2.324731412715659,2.339982201936748,2.361317104911491,2.3830157103606515,2.4071851938741653,2.412428911415319,2.41506520112872,2.412175153415928,2.419647234008233,2.433071402386129,2.446081345956621
Chile,2014,1,12.554613589135828,12.981765212437862,13.022021040534593,12.69674812918806,12.580072181803711,12.582503720783514,12.652950819137876,12.934361391565103,13.207443593840589,13.475755835350043,13.906924095777377,14.175373437074487,14.433452503337458,14.63388134239868,14.861635760287355,15.394597145216467,15.972190761147923,16.325043009045597,16.70166690238977,17.17547227441055,17.374938826685263,17.737029640906442,18.161112219227867,21.19994159,21.73745976,22.25983561,20.8
China,0,0,23.02505643922161,23.60655018499033,24.306174092890373,24.83765764345087,25.74550121144922,26.682677885494787,27.612896810219535,28.670333310716156,29.93120156496877,31.354022093800367,32.959077631990006,34.072555107109594,35.73694732172135,37.83121452459117,38.45564522280362,39.64591220022991,41.11405913237786,42.96781319952526,45.00984821018087,45.88127520845182,46.96109408576344,48.29357779994719,49.998797253364046,51.09250721087647,51.95318600076381,54.02323695,56.19665063
Comoros,0,0,1.8054594527716552,1.7962472455316405,1.7889590724236393,1.787990593065962,1.7539012535175238,1.7272464663167018,1.6861279594553165,1.6280516514040764,1.596731310315327,1.5560492539058635,1.5347334410339257,1.503738771255099,1.4952363411081158,1.4878397711015736,1.4909957584842288,1.491527748338591,1.4971995977036854,1.503154098545713,1.5079107316846843,1.5327394852372986,1.5541571978200355,1.5765106653845997,1.6026020885184162,1.6322908024465068,1.6679298690166002,4.85305033,4.868863267
Congo,2012,1,7.856548315,7.771972826,7.851570856,7.821830297,7.80741252,7.801821516,7.513288473,7.366923877,7.074173384,6.779818374,6.554797306,6.555410509,6.497017497,6.399452852,6.388138356,6.409299662,6.463763857,6.518689038,6.55647792,6.656993235,6.849042814,7.003988003,7.144945339,7.246082335,7.367490884,7.509005469,7.709504968
Costa Rica,2012,1,5.999345813587301,6.04306025149616,6.039327182696804,6.06849650432489,6.185783846924907,6.094458869057735,5.970462365792098,6.1154137973988965,6.152127679173746,6.09383962713624,6.054979831364752,6.133207238236401,6.1193006838090716,6.1432680963545945,6.020130155398061,6.016401846604003,6.0166390215998975,6.085509470907301,6.229995340119907,6.458546204408898,6.619449688918714,6.805829724356937,6.967316526914391,7.2304888501084505,7.47591102141188,9.844874313,10.34289054
Croatia,0,0,60.89468593374999,60.35175155196335,59.906182771198075,60.837050841661195,63.33330188056124,65.89708307974561,68.0412211904544,69.06377857362402,71.59632450984738,73.76753692516726,73.40684035559696,73.3524825376406,73.96389908470009,74.80490795553283,75.49849124098648,76.01334225167781,77.11919957398476,77.3140548562302,77.56667730588832,78.44584268361,78.44603400820797,78.40187570097345,78.43333870487112,78.53403888663156,79.43130773205596,80.62351734,80.22944272
Cuba,0,0,29.756847415880912,29.650083341736714,29.91734712151476,30.364119252999977,30.659773467827193,30.969914638485207,31.393081761576045,31.949702079619314,33.00278984539775,33.55010033430437,34.81354440633219,35.91079851298202,37.05638455058674,38.164784249749545,39.26396744373023,40.406476974686164,41.28575528556395,42.168271722679954,42.89178362086805,43.81707002011539,44.87900626732682,45.85852598335756,47.10376637859206,48.59124378343168,50.10044897675434,58.63181499,60.28676629
Cyprus,0,0,14.85617216872135,15.058320610687021,15.30514726963436,15.287745604057093,15.182740151999141,15.197657065272276,15.223778763301825,15.602846069700417,16.26226560711045,17.435648575302466,18.54922576788595,19.60421191631725,21.258696964598528,22.642768939441854,23.185857975261786,24.689106408901694,26.228586644575284,28.014122716828965,29.450385892000575,29.97412069482067,30.103625756136754,30.26316019533757,30.065165491188473,29.730737725745424,29.62598349497389,38.52629998,38.78383142
Czechia,0,0,58.72349811122515,58.764910059240904,58.58720693985545,58.67446067216519,58.82111721868641,58.58999657516001,58.87672809213344,59.153177892347806,59.63561608543994,59.94594094613622,60.6494159606689,61.131952350785234,61.70871505538682,61.94962480472453,62.365458025052476,62.931529684736944,63.25171987797704,63.99091300444583,64.57690695705057,64.28242598575774,64.01234541473353,63.34561251601633,61.8338758807667,60.89544919102007,61.3011213351994,64.3051176,65.31815292
CÃ´te d'Ivoire,0,0,2.1148216403635596,2.1869192031910454,2.2589741950711733,2.3535610710012755,2.3304949668004875,2.2919005458712545,2.2797531682892105,2.2658870787614687,2.264404126247519,2.2269589908091882,2.1807106144146498,2.142717569982931,2.1198639347290027,2.075892724584956,2.064952150673685,2.041390102366825,2.026873182149071,2.0145921459172715,2.0125706279625564,2.0037423226177316,1.9994256327090105,1.990718191542314,1.9803359921496568,1.9708390732720724,1.9618661609087054,4.704238142,4.847714813
Democratic Republic of the Congo,0,0,2.6839669676235687,2.641859952259175,2.6392087858951436,2.639031394831072,2.655760817484029,2.6168229672761822,2.606913788656438,2.597691640054038,2.600888255232951,2.55000492065277,2.47912291687846,2.4658543978004097,2.4038952102031796,2.3612647445344233,2.355772413914754,2.3592010543321247,2.3836310471924946,2.3940659523807843,2.4192639184653366,2.4621620584754575,2.505956578361675,2.549748451501513,2.5952640761788617,2.6485964921392657,2.698506761021476,4.607376038,4.751130805
Denmark,0,0,68.4162997426214,69.58872364717608,70.95816894536877,72.01798916301207,71.22073525852002,71.09908039578497,71.10754665295683,72.48732994237476,73.46951541084601,74.95451859125477,76.2807409544505,77.1838026896579,78.7201756750781,79.94454031344982,80.69634919864227,80.85050127823479,81.44464279570798,81.88343673248424,82.88757666939513,84.23856652422766,85.32001376357131,85.43309162069995,84.50892402287597,83.4233163009373,82.77412225188154,85.07681529,85.1184214
Dominican Republic,0,0,5.749466918293021,5.957357264001817,6.192974302638037,6.431444287609063,6.627379706632887,6.81348675295541,6.95081957633807,7.090969411579703,7.082487882344623,7.027540184162559,6.9999062461389565,7.00280001270011,7.017259230766831,7.106973504775393,7.211443806331946,7.296289823935608,7.417256717775353,7.549649483916023,7.70160896459527,7.84421503280422,7.931393237038759,8.14213374579752,8.342792091671352,8.564266036419163,8.810281620867922,12.68628024,12.78345961
Ecuador,2012,1,4.17921356131238,4.321048473469775,4.434868347150994,4.683984267413809,4.717611101745177,4.770799074957974,4.811103444380511,4.797257442448061,4.87441057073573,4.984567925133144,5.099035908719657,5.164971063626214,5.314940215748445,5.435764151455835,5.452161151641192,5.525107658810649,5.565867303625408,5.655859603752758,5.730487424184508,5.774446605966917,5.782566080260957,5.74981093394208,5.844783219883459,5.925479252372098,6.005718472903835,8.113285607,8.284075833
Equatorial Guinea,0,0,4.612436810957165,4.4829963880969315,4.37696592979739,4.2917418191187835,4.23383813711122,4.143839510568375,4.096716896808571,4.065215336089314,4.066448909564815,3.9609791312442413,3.86246407893218,3.811146547832292,3.7631686493739442,3.727684259539683,3.694100910905628,3.670501870544222,3.6545742002860004,3.6391304685394346,3.6295621211478957,3.6155041084813364,3.6006908516463003,3.5989936938644314,3.619440189686467,3.6548788053826247,3.685047741859032,5.29430961,5.378746912
Eritrea,0,0,2.381111389,2.416663836,2.500224281,2.642722017,2.6847337,2.730102666,2.744810611,2.797189083,2.822567575,2.792836073,2.84395287,2.856683557,2.880210259,2.884134516,2.885924789,2.883681388,2.886628451,2.89036823,2.888337074,2.901377689,2.941868674,2.98781222,3.030165849,3.100067208,3.153236653,3.211370327,3.293557295
Estonia,0,0,51.86189208598838,56.246854352505274,59.15157051488054,58.4073605385923,52.87179798727601,53.26912152965092,55.14891541788948,52.53250508543823,51.89604755956577,54.118714947969,54.03777141407184,53.30045523520486,53.73894535980332,53.6443320846635,54.633541479496,55.92833487483964,52.90294594978648,51.11220181114487,48.38168196924464,49.37703352093769,50.9240218462897,48.67765252879939,50.960598534093556,50.11528751177393,49.96086001565599,55.69770722,55.19840964
Eswatini,0,0,6.52944942012353,6.342189869168395,6.389223707666848,6.534057805264362,7.111536045249844,7.386217376501947,8.000636785376797,8.549398705368144,9.368112413370572,9.804579285088515,10.102506834770287,10.44392039077196,10.682197085220801,10.903621764548916,10.946872632335836,10.94901362008956,10.980543798359538,11.015053023181919,11.035450363011941,10.905488564208618,10.811787433347078,10.726480273599774,10.595220917935897,10.40272164545061,10.30256895459042,8.80655525,8.918855932
Fiji,0,0,3.367496339677891,3.418715114138195,3.4769797036860948,3.532242838793544,3.5696574021308303,3.6052355386913177,3.64057649334873,3.7144891120200616,3.761971169318296,3.8369722934479062,3.90551691061837,4.091520663465992,4.330793383741062,4.517980637921339,4.646870458973582,4.72383503650508,4.71044151812964,4.82172729360055,4.915005070852368,5.068035128802909,5.190361417928133,5.359275972098031,5.52486187845304,5.6859521638622565,5.851633299174925,7.657253196,7.843996615
Finland,0,0,44.48400552797387,43.42668540695284,42.714382097240886,42.78523588479558,43.23365088174176,43.10118904595186,43.32513566513464,43.089366048498164,43.0892570218861,43.38910040231241,43.62786741063239,43.83778750642143,44.259829248157864,44.68599125902385,45.415463094548166,46.00375894356291,46.352062022821926,46.73272682557791,47.35229013497529,47.68077780780183,48.52076230182983,49.17951406993822,49.145364873317135,48.830091480456986,48.710871811800004,55.53062227,55.7964093
France,0,0,40.49097303274073,41.32356574183954,41.868771828099085,42.700683538772964,43.297589857060956,43.210754115065534,44.46154210151934,45.325424980149336,46.11145495587933,46.80559316758889,47.57529884265848,48.19170669137767,48.89605040601212,49.51210645451974,50.61707561936416,51.894701635571245,53.14662704588999,54.24172193950782,55.509449424516596,56.19910102092519,56.9495825863899,57.06954615838179,56.02812833447041,55.95859799334835,56.07732102329917,68.389736,67.82065138
Gabon,0,0,6.876307261416375,6.760739544499787,6.67485140723309,6.681407731777748,6.386664558144885,6.084995426396526,5.841575781091755,5.666114566601449,5.594455692513345,5.374369638348881,5.105137738587763,4.944141654279797,4.790262581733624,4.634856711373198,4.428225409469256,4.235466685681108,4.103947349358396,3.9421897158882673,3.7619770636383674,3.6928012043007685,3.6258120784579093,3.5700330752255005,3.515233296935292,3.4774527773927058,3.4533901892641103,11.11162435,11.33289536
Georgia,0,0,24.72617215553504,22.794282340005296,20.843138114454778,19.57738138944317,19.535146945509926,20.436960463347198,20.80447129057898,21.396654280100606,22.105249990741036,22.607764649672564,23.37228840409047,24.782272904870158,25.913977399461213,26.21673612269566,26.10462414830426,26.005671270450588,27.831212002549595,29.575146306685234,31.12159812184504,32.510027443529665,33.85499215044541,33.287265027431175,33.300944718711065,32.31331047686131,32.03832053880545,47.78389477,48.29966719
Germany,0,0,57.502351825679796,57.87374922161062,58.458221672178325,59.29211019004359,59.63115519337396,59.709437111734005,59.58640024195831,59.68370885333433,59.80354964416904,59.53785628827228,59.7402704461998,60.1541233052354,60.738477483104546,61.715092413282584,62.73692223035926,63.965273684367645,65.33817637555586,66.62109041690364,68.01431650711271,70.733107473844,72.25382076599949,73.6949521303734,74.59096718426821,75.16117910681837,76.0584484978136,74.07729571,74.34110289
Ghana,0,0,1.9039381039643606,1.8880276077938971,1.8908109365977852,1.8937281158909882,1.8921685000043518,1.9259056505572594,1.9258971390943442,1.948026854034173,1.9647956179958863,1.9815832713677313,1.9966536233447407,2.0107171421262757,2.0199011598542485,2.028820267922728,2.0292186574260036,2.0275696520101554,2.040372720362291,2.0503957996177475,2.062501861409141,2.0609969870070612,2.0650893387228892,2.064256654695544,2.0635104876199657,2.067060949643693,2.071347158956514,4.287086133,4.309929909
Greece,2010,1,52.822887825896615,53.68536037125069,54.637529292308216,55.4605147118924,56.20663788811522,57.10426652596303,57.98799110172687,58.772420780697665,59.75499857329535,60.689772190225,61.456949818097826,61.59177590550364,61.94263779691511,63.313833092211155,64.62290170432311,65.60402296685069,65.67914919673238,66.11529032111497,67.34985634836247,67.73645885299356,68.07218661850222,69.09265901472854,69.886123246052,69.9959170872316,70.27506210056487,70.70402664921151,71.2062977897769
Guinea-Bissau,0,0,3.6232558732125053,3.568070797885034,3.5204366316717386,3.4834917573586814,3.4352536605346424,3.400426488183276,3.3871230417924205,3.4235723575840624,3.43376577971456,3.43980343980344,3.4453236228670003,3.455941999396866,3.5158189010667744,3.519883176162941,3.5417129434037316,3.5641796754619937,3.600021009913362,3.656531349398889,3.7054964426051966,3.7319353344474333,3.743346494444482,3.7663983633640106,3.786855964165199,3.8101389183902667,3.8318389348497623,4.80364444,4.808180597
Haiti,0,0,8.445669241208167,8.325778172617953,8.140806527693265,8.068297163835693,7.891788736137229,7.783360921142696,7.672226925090646,7.577169082601781,7.509509319806868,7.440865810721807,7.386098567216364,7.3783374314109444,7.36690570506601,7.400419932424093,7.4335586568935135,7.464506785225925,7.522362870947911,7.592023960695837,7.686959045836106,7.7890601485893525,7.898021270672044,8.021020180234508,8.148729069949427,8.291306469799562,8.449649704021486,6.157878495,6.229076134
Honduras,2010,1,3.027060711940463,3.0988935381008957,3.1590124615872437,3.215547336356707,3.275563442506166,3.3405091250497017,3.34087172802407,3.3475009692833124,3.3671441007458514,3.392609822514436,3.4227645862581397,3.46909142180763,3.52403796822954,3.5889165184301364,3.6617015103626236,3.740724940749287,3.7530642973581707,3.7708810376358133,3.8011741702590727,3.841840903569965,3.891449163549431,3.9307035882778134,3.983477249275869,4.045110293499227,4.1183266877551965,4.200307607761477,4.278058599943003
Hungary,0,0,70.36358433964126,72.57015021834853,73.885310907341,75.33920387957555,77.01723110260862,77.84656623603588,78.67291607615786,79.5706581568015,80.92109947232247,82.10363289559753,83.32952703756261,85.21344280576278,86.98993761443636,88.06605291033615,89.44393861013943,90.9159707153498,91.85841109969249,92.23428933465699,92.22568788091787,90.78748345196374,89.9131503467313,88.3503239940799,87.73291516275124,87.03307559421756,85.95924423653787,98.92958103,100.4462238
Iceland,0,0,36.88466503483913,37.65664991942364,39.10217614398863,40.44595989052896,41.48507340582189,42.51866277182733,42.897751115684535,43.40960628161265,44.24885759499298,45.633193902473266,46.22586714801946,47.07085150990775,47.878277422844896,49.0944751865307,49.38080597270411,49.18380054306311,48.485574045253195,48.77880307316507,51.15378205954578,52.67793889923327,53.92309707030519,55.419997281970815,56.554037130482065,57.101401085198674,58.076133067413146,52.68030117,53.28377923
India,0,0,3.567223100438009,3.5740987519239003,3.5802468859017473,3.593928651859601,3.620813141793876,3.65555489823605,3.6662826663694807,3.6772149857800738,3.6890651192696344,3.7318006039169704,3.7833055669324254,3.8360982543138156,3.900895415711912,4.007885348332,4.039502683433966,4.091494463705151,4.140249182022791,4.250690284678334,4.366513207493551,4.479788075441077,4.607192308657325,4.729635222122173,4.829058576167808,4.942678454461807,5.05851094049549,5.844913105,6.066131278
Indonesia,0,0,4.972430297752656,5.0248889207834315,5.097766906577333,5.1500333941392435,5.1659161618669565,5.198740258937834,5.247379339865715,5.020703887350551,4.88193154582588,4.807943894525914,4.8093284349275,4.822053203313686,4.863088703598197,4.941096065504913,5.030332036966162,4.979226634497983,4.957600605648908,4.956936777541804,4.986858229074656,5.047337018260922,4.997276855171947,4.930181894413873,4.862302963473138,4.964911484183358,5.057024300679854,17.41663081,18.00168183
Iraq,0,0,4.519870410601899,4.555136043427287,4.594421471995893,4.637670053940223,4.677412238315286,4.778918466635935,4.774732040265294,4.862279773745014,5.0267710444675835,4.996369408717996,5.141681415496166,5.202011518803855,5.2705348417817275,5.326332142980912,5.4142862368298825,5.4877887555129226,5.802455944514954,5.68374374942986,5.78885526002525,5.62653487084994,5.500844590462995,5.389621233317392,5.318530490673458,5.286083943647227,5.282809649393652,9.182852683,9.502962802
Israel,0,0,22.1938317392153,22.932332256225052,23.44193369142434,23.93110910730388,23.516865776528462,23.456991089787525,23.526712443476804,23.535510204081632,23.67371601208459,23.676036651653984,23.742161339421614,23.812428061049076,24.022323395505946,24.280313415390832,24.56866609013709,24.473614573613183,24.39497591943958,24.20594207545153,24.396479353586233,24.351129310566844,24.08267492573162,24.24579688566288,24.405711016711905,24.397680218613147,24.52129651298853,27.90525041,28.43469836
Italy,0,0,60.18551620437858,61.40283627371363,62.55100856036056,63.058790605630264,64.08754821313669,64.24531729200154,65.33598197078364,66.31838107163539,66.86238240424818,66.34884974049612,66.60023017925987,67.69000504124678,66.05509924560192,66.0738846666291,68.00570012588922,69.13208133500096,69.99258551354825,71.50489721148182,72.28835561441552,72.54994905729085,72.6735735072439,71.39404177856646,71.67225922261773,72.79836376341659,74.13530408264579,67.82896695,68.67896725
Jamaica,2014,1,12.793727645850488,13.328702433787674,13.72335440319452,14.144046589785884,14.522740461977081,14.799384808694724,14.981365111963772,14.864063564369319,14.651801089034898,14.606719179401779,14.316240962900414,14.051824817518249,14.612182482371932,14.94674031664288,15.277139218273756,15.670787910176516,15.820875129515981,16.110791059374392,16.471108971868965,16.840113197910945,17.249612801059566,17.658103149610657,18.064221768180353,19.83314034,20.16992395,20.45379915,18.2
Japan,0,0,43.53187864175205,45.25232117536791,46.93052293534007,48.84192489160928,50.408406689090874,51.86318887487406,53.266471518987345,54.971223476084056,56.76496140898592,58.48206434969996,60.21067911648162,62.03867113484396,64.59090802357525,67.35646028503673,69.7038262393042,72.33749736330185,74.73513036552322,76.48049544307949,78.64741157179667,80.4336126039442,82.32371169561776,83.79531562634862,84.09975172067004,85.58277031012813,87.22594317481958,88.73716831,89.92464033
Kazakhstan,0,0,31.60514614703547,32.20215873927516,32.97954398694989,33.8511491003268,33.034760630975526,31.71365305663963,30.45123158461853,29.08360950763961,27.727181534929723,27.14362006240942,26.7858801309487,26.617311306666114,26.649132510898568,26.672359312179303,25.976534622064094,25.005954459877533,23.221996562324072,21.832901650189132,20.85281639262947,20.54531919100824,20.20397699154781,19.451674912070647,18.608034284488024,18.20415730527944,18.751543703781962,20.41441411,20.96587232
Kenya,0,0,1.3302887774183765,1.3451449381522964,1.3564122798724239,1.3689352285449843,1.380963667164566,1.3876962135134823,1.4041426373022479,1.3980620386733709,1.4107813225755013,1.3894364774307215,1.395868527808902,1.3755673822560255,1.3576718816222142,1.3455327942628752,1.3380155599721948,1.3283492913515533,1.3355202394532528,1.3485959712577917,1.3630756044798131,1.3790964760746551,1.399416901731346,1.4164986781850064,1.4395055527012885,1.466049187713049,1.4945099267136024,2.215153041,2.281741971
Kuwait,0,0,3.448774616,3.930798343,4.275718471,4.699405111,4.632761857,5.176656434,4.91545905,5.277837914,5.246245437,4.65319258,4.914422091,4.954714313,4.969693966,4.994863485,5.193070494,5.04020764,5.503286741,4.964911551,4.315985378,4.122315851,4.330217427,4.386406781,4.360744142,4.460216321,4.58986392,4.750666007,4.945966522
Kyrgyzstan,0,0,14.652301014306596,14.404985941063165,14.350291244933665,13.76370493816332,12.688834154351396,11.717911591857593,10.81631369259803,10.163003057598544,9.537604115629593,9.315888455238518,9.331356322760335,9.264370551028096,9.07732090034674,9.007283151900205,8.99854361490112,8.781983144787793,8.505649876849606,8.349711143722251,8.221332990693663,8.157436622783157,8.112070195462977,8.068221553954821,7.918773027161341,7.766455706827376,7.782383419689118,8.448796918,8.497237864
Latvia,0,0,49.22355104810471,54.33446859309715,57.495769102907,53.87967112209945,47.637535395662255,45.82195950347966,47.88343992308774,46.33333361221711,45.63705095985301,49.04435706431283,50.00404731593695,50.2365649674054,52.280875710633374,56.213175010351534,59.21950344331413,59.992955586106596,58.646355477049326,57.778769735192505,58.30121260229172,58.17278071805289,58.998613295161675,58.695836875517664,57.55945233731672,57.40250322751599,57.89020569654975,51.73789213,52.5158087
Lebanon,2012,1,16.51424044409003,15.310851786851353,14.182459152854577,13.316313241859786,12.886552968249875,12.594764140306278,12.217091907598023,13.065130603277371,13.843124784335483,14.692060809837336,15.502826858080844,16.317418417465404,17.355538840415225,18.402510789546433,19.24256685211019,19.847097347854056,20.460066593280438,21.009028415803282,21.489728378232144,21.468382871122035,21.30789039334588,21.256157602144153,21.20859677440479,21.21609795427023,21.697185446959995,27.28153765,27.38460539
Lesotho,0,0,7.3142103054283165,7.305855385441081,7.447928167222991,7.471829212924485,7.567618986565641,7.819907380590167,8.076999325164554,8.373388152487557,8.718986818706172,9.157858231265516,9.798347843565377,10.438698841383205,11.207640458176238,11.888092619914184,12.150660348866017,12.277759715258647,12.31575186323995,12.261479748861259,12.257118875512072,12.247273046666997,12.252678427861603,12.231036495429198,12.17501008100035,12.065987019981923,12.052291978809093,10.95351669,11.02899787
Liberia,0,0,1.886479497524995,1.829310553290558,1.777506165394155,1.711289473002073,1.6852736428941713,1.6421561251993588,1.624248452415757,1.620175218949605,1.6545858146561967,1.6787816087595904,1.726767407438754,1.7523248690712387,1.7760250333742178,1.8029193496563516,1.842778964745701,1.887108016352818,1.9213589873007926,1.9647699905890288,2.0144643629458825,2.041346666513999,2.053601092158885,2.07587109967971,2.0926673376903997,2.1119222651612874,2.131993019952088,3.487424859,3.567727998
Libya,2010,1,6.931335555574088,6.915560230577356,6.931567594717232,6.981086127120709,7.039733908480781,7.122742582236163,7.246375372728459,7.471656941528813,7.690540323670031,7.914447543850638,8.134540947346279,8.35658997043861,8.590881700320931,8.853589820915943,9.128460956368496,9.416731409138215,9.681708832225727,9.985462240823354,10.278374711573694,10.61185816011674,10.959930567421578,11.239327225016078,11.518591811861462,11.787480123727326,12.09234963822133,12.445166683155938,12.763548649447948
Lithuania,0,0,43.024890584452265,47.137453759056406,48.7008441559862,47.93527434610545,44.70635795683767,42.26803056777964,42.318397467015615,41.626870829949624,40.96143031533323,43.539015874643965,43.75604657126916,44.508497713026976,45.25040160493919,48.63977068063836,50.37387890611023,52.67394424648454,51.29523164524388,47.93045404936457,49.35165735635308,49.88879220240975,50.390709066585714,51.26265810908449,50.17005033817391,50.61155078814833,51.568719534793395,49.3332328,50.17120245
Luxembourg,0,0,63.785299929878235,63.49581734700296,62.88018862071104,63.15325787702662,62.97543605528397,63.62140898796043,62.34518483635507,61.16731517509728,60.54091221636489,60.103051922314705,60.54574998599204,61.35553439762638,60.33682969689692,60.35798588866579,60.2111133914611,60.332129843560224,59.158907193287625,59.670579348832725,59.901016465037195,60.01771014397691,59.16609222030112,58.74374263839812,60.7870664133348,59.49571983342813,58.629173868669824,51.19050461,51.24009568
Malawi,0,0,1.478529676003673,1.522501540884017,1.5907536609754358,1.6405235941830183,1.6756822930317856,1.700746212386163,1.73383262203804,1.7393066818986902,1.7294313954989218,1.7018018105491768,1.6780404216853433,1.6670579107001955,1.6649545917410546,1.6540537543709581,1.662903538722552,1.6703133488354802,1.6800094464564461,1.681464417060366,1.6836766380719042,1.6821816269594987,1.6814746158257887,1.6827777664487042,1.6947061152702194,1.7097329669420773,1.723601507051364,2.211482396,2.232422159
Malaysia,0,0,10.936626766989464,11.032696547957826,11.126012313447703,11.281162990069507,11.239332105125703,11.26570355691448,11.29694722235449,11.39206840492288,11.562778571173583,11.766529455021832,11.965727090247345,12.165641428795325,12.478202723415558,12.81016433432987,12.913464392770097,13.02863841653073,13.155381132833623,13.343771153297139,13.583508921644576,13.935483213443236,14.338698568390345,14.745024784244746,15.130912431094448,15.533432779562858,15.944518451765399,15.60358333,15.92628116
Mali,0,0,2.3113251997043274,2.2256646814141208,2.1478553637411806,2.068610820746824,1.9948005478992537,1.9152273402492062,1.838896029212309,1.7842819139115456,1.749608640172593,1.7055249373137078,1.673081177492427,1.6359429083214356,1.6111952725983296,1.5917956771820205,1.5720219477167132,1.568477499284875,1.5597037122691355,1.5621242008755383,1.5671771116789617,1.5502823696374117,1.542039008499144,1.5317461176251168,1.5230114325360142,1.5178247642666582,1.5161881852320076,2.743851629,2.732976682
Malta,2010,1,29.02843267357484,28.6193296596078,29.057336691892125,29.16177405280791,29.72809280757317,30.162763400888668,30.215448598991856,30.89936806246751,32.248687342163116,34.32083348384067,36.412390056577124,37.038073623253304,36.99784579095838,36.521970385014875,36.137942721572614,36.52243248463478,38.14876587681467,39.786194077556274,41.316237520732614,42.365998589012236,43.98950080577456,44.440120307109844,45.28745702667441,45.26406975188219,45.59115238932433,45.60580425252723,46.04968420312898
Mauritania,0,0,3.2128514056224904,3.154823796541156,3.12167482443073,3.0679062771488965,2.9520839479118375,2.836576925969164,2.7493603320544646,2.674126634145123,2.634003202017172,2.570303118888546,2.49487328916161,2.4387939030152426,2.4002754447909433,2.357649862872735,2.3573961698096473,2.3656429702683393,2.3790765045110533,2.3958215457734524,2.4125694007211957,2.457313111653661,2.507719432195125,2.5645075818003265,2.618742708401702,2.681212286570658,2.7447849566185636,5.228514906,5.259760512
Mexico,0,0,6.512318281076243,6.621608874381894,6.6923038937803145,6.765685586890891,6.7195797784030615,6.789611627433459,6.814356907494461,6.733325042812048,6.639150951146588,6.586442390284519,6.662777916266788,6.710216876006854,6.651575745146621,6.728660544281418,6.559585192118773,6.4098541343168485,6.490648689649925,6.473722595713969,6.419957844726284,6.371200296281268,6.38207108478359,6.5444298516337485,6.6089493130650485,6.660542009584562,6.865927187481013,7.965706794,8.283881211
Mongolia,2012,1,15.55563974958714,15.964591665944974,16.468060382157226,17.04774159634154,16.49420630751227,15.870746109162647,15.27040961222448,14.66778440452684,14.130624751555532,13.97011234116137,13.988272231251592,13.93247230902901,13.870406674587425,13.806047983141422,13.790548425193466,13.723393960796804,13.748627891875788,13.891870503112804,14.107125918507357,14.231739808262978,14.301705881478304,14.38588540497324,14.502513680605936,14.844086894721343,15.240361240404429,18.02045046,18.7034835
Montenegro,0,0,46.3126688534073,47.2950161430421,48.50267178506646,49.72928436911487,50.458017391076645,51.45852474077963,53.39646053233541,55.53951231103579,56.631126539383416,56.31316997838289,56.42246666273114,57.071506385286156,57.511742829985344,58.08931382588183,57.971627169627254,57.42723766998173,56.771085743367976,56.44240442249156,56.67325338861013,57.089499886304814,57.56516666908368,58.06116157738081,58.57094610894003,59.082967537237266,59.710462588160425,90.12218449,90.05932077
Morocco,0,0,8.989433096045685,8.959708362435254,8.828612100002884,8.761605015585724,8.690132500363722,8.626722522447022,8.620282701303184,8.627399465495323,8.628145795367814,8.72561222369195,8.79487580362634,8.960280676646358,9.129311328407093,9.33061063425424,9.484919649732547,9.654414900427325,9.84246756496306,10.0524014357191,10.290388909212467,10.454440352072762,10.640758238293133,10.835306573005072,11.045538304202362,11.27081174008199,11.483313032290303,13.75121161,14.23024511
Mozambique,0,0,1.5462843362512197,1.5501410832269267,1.5413381678546698,1.5443759095700476,1.5721992713862303,1.606557227083324,1.638639733944667,1.679349596060722,1.7304725488618544,1.734946836452257,1.7519048427834212,1.7647213709599614,1.784079384250027,1.8142935709686092,1.8398387712245121,1.86801107850625,1.8834565209154934,1.9111395038803274,1.9426670565542872,1.9415400516795867,1.9449638419811095,1.9453653006765999,1.9491982710922908,1.9564750404380207,1.9620962036196279,2.913292185,2.921347325
Myanmar,0,0,14.229151171017113,14.22655896042135,14.211903667071343,14.22276246071954,14.164877272786683,14.19545682397513,14.223627432022207,14.255384916873416,14.3077551571502,14.437507293523177,14.627994961150922,14.758008940888317,14.9347396613192,15.12623174075567,15.237241706560848,15.371347556972253,15.593943173075424,15.859088469126771,16.184280940704785,16.484838424767286,16.832847071917772,17.223983801425522,17.621454110433163,18.107002477794346,18.634108621215656,17.75553348,18.3085579
Namibia,2010,1,1.9589657051892704,1.948660219899905,1.956556276372803,1.9574329077652985,1.9895390576608245,2.0364084021657805,2.1143720789862557,2.1748745162774017,2.257404129623159,2.3669665580224293,2.479684695553229,2.428074862351515,2.3829083039385504,2.410711862458511,2.4012743894991817,2.3695826686670283,2.321796889187843,2.2541559598827026,2.2022313987301443,2.1417186318949333,2.1077202688027667,2.092550741921215,2.0776598260324395,2.0846149506650087,2.096835348940322,2.1128333349892716,2.1271867700517886
Nepal,2012,1,3.915224159786365,3.930751885324593,3.9070573933176527,3.8989947846860367,3.8685666937312724,3.8771699798430554,3.8771569366214362,3.8084691810126006,3.8073440154104876,3.8621416839031393,3.9395161901873057,4.018040834292895,4.093458456449906,4.1709102915185765,4.220636093877216,4.269028062677403,4.33231391755846,4.415379810040578,4.5335972141330725,4.618467657894133,4.742533669073065,4.909388357714951,5.067943626811316,5.221241077143974,5.331170729434998,5.430888159,5.617980313
Netherlands,0,0,65.05144898969098,65.66853067238146,65.32435692295532,65.94867742466754,66.51563909927421,66.4414998734838,66.45152553836904,67.25139652650554,68.22329679426967,69.55911001870851,70.74394840673334,72.25030387724061,73.70932869190769,74.29612788534808,76.04553526250695,77.61113379225203,79.01138013083505,80.60566999395296,82.55332374303012,84.39314412671987,86.25492555578461,87.37623503132983,87.56562700711437,87.77985590607466,88.66865285044068,86.65600538,87.60291075
Nicaragua,0,0,2.2300306517518336,2.2754082020465676,2.3428332028225425,2.4033867956669823,2.459100580799064,2.4954128896454555,2.535717325759035,2.570606011852037,2.626590206556711,2.6565646337763664,2.7283226716716573,2.8202334983272284,2.9116875709468717,2.9828863263446435,3.0008576729079643,3.0428978834954723,3.0980499823906253,3.1685457480222046,3.244988288234767,3.321681135212649,3.4273125249685332,3.5124343872176027,3.598560510678144,3.6850614969644395,3.769370729873397,5.219440132,5.41371954
Niger,0,0,1.9936328416779574,1.9613338017901656,1.92543537984511,1.912481274279424,1.8721633118270817,1.8508191431959062,1.8436863485850186,1.8600315720459855,1.8759110064359181,1.8941630945990608,1.896392350837425,1.9197527384405877,1.9325130425203154,1.9556718299730325,1.980278661527044,2.004847806706577,2.0280097329254976,2.0613349722349708,2.100458423745105,2.086443463745058,2.0762891854768326,2.0662779387284687,2.0567892756939616,2.0506294901578936,2.0380696537927245,2.81112097,2.833969664
Nigeria,0,0,2.2363636211155664,2.202388958187852,2.1405364030275655,2.1045993120839035,2.0798728573723193,2.052809814226648,2.0328101940854193,1.9955969331055565,1.9797871432788432,1.9446856352334303,1.9330216125796496,1.9012948792952733,1.8739078699282783,1.8492994931034246,1.8209912065391824,1.7902422571889127,1.7597834910371972,1.7344960687138193,1.7120158764236453,1.6929815703539473,1.6746576844181564,1.6605457457167307,1.6475333107326802,1.6403012929617529,1.6396891800163482,2.770989678,2.755843242
Oman,0,0,1.7163555982235417,1.7788665251681137,1.8604404361166553,1.9648254952780224,1.9484479480938475,1.9290955164530954,1.9104215672473275,1.8985337695984477,1.883620307649165,1.9329321351710422,1.9932672622769674,2.048057048886833,2.091985194175154,2.142754177793246,2.189283515315104,2.227940938490013,2.3410043635739726,2.520003921860408,2.727002220991078,2.8045874906416346,2.935079763444063,3.1255270857321955,3.339992128633523,3.5776376905431273,3.8977794556503955,3.330701507,3.244749853
Pakistan,2010,1,6.27184447728938,6.374233375554162,6.509917213881286,6.692247145448141,6.901710897898623,7.124491428464786,7.288183374524112,7.65785644266248,7.928295519286459,8.222161105936266,8.560125959454034,8.482795620020736,8.468830377755035,8.43217437546659,8.397003388727688,8.36650327773778,8.251306743497693,8.137956100881086,8.037944459956721,7.969475223587032,7.915155779354121,7.916213974452123,7.949957316613282,8.016859743433363,8.090637223380627,8.192548576921796,8.27776739845508
Papua New Guinea,2012,1,6.316922155668812,6.372330221559559,6.426205922856313,6.509078451524495,6.533367405195608,6.578376035249667,6.628546121685123,6.684025621369289,6.760049866697219,6.828208689847918,6.926155929348618,7.029783503428524,7.131922948541347,7.235367061735496,7.299803772921806,7.333330102079708,7.34353946274476,7.378959782352809,7.437098796910532,7.5111787752890855,7.600311518682407,7.691835589084673,7.7869735902791755,7.888480337138241,8.022954227670366,9.703930648,9.936730619
Peru,2010,1,6.729377290545656,6.897627129420542,7.127934374202926,7.355818821106424,7.545844783567256,7.738865791618873,7.412228211195643,7.074186037443957,6.652526865816485,6.1053838067250945,6.148274539054202,6.108594895931754,6.101664870666594,6.13402999106722,6.154778780046182,6.19766497979268,6.276338153917925,6.407428780170155,6.560741334711559,6.732895807518741,6.9033763635261245,7.051011002684019,7.139915931214477,7.17639888727025,7.205361236477899,7.276357819874338,7.334467307740313
Philippines,0,0,8.477421544136089,8.7380070103714,9.06358656799301,9.444115819699697,9.663881734651772,9.825788896776116,10.099299725550441,10.397764314084256,10.616929683992117,10.765848032910677,10.902822654287592,10.997403192242158,11.069082498159851,11.113096988307763,11.09328363409734,11.135592334259771,11.13002318200661,11.195470356539838,11.262618075766007,11.298204942847734,11.3083032341093,11.496966599838549,11.661580117631788,11.844922389372439,12.047193479630094,11.72569556,12.01878986
Poland,0,0,50.10727989063194,49.602162250534356,50.288288413573625,52.1031248660772,51.66277145750209,52.77756647794573,53.129204791467174,55.072169566529936,55.14928410006538,55.37224931261901,55.699783554245,56.24827082205087,57.293234532029075,57.99617952836657,58.86453640881935,59.90835391715126,60.35769674775525,60.96011221337148,61.462967204774706,61.54226694485271,62.61371230200411,62.56616027951065,61.43068712859332,60.923995664555,60.70462782979665,76.4206232,77.25793935
Portugal,0,0,27.393033344204984,28.69556709074807,29.37229301833304,30.379179459845904,31.035841312725776,31.27151243889466,31.879798381842235,32.166033720669404,32.52510374738409,32.93796745681299,33.693131743341006,34.556093846524384,35.12579955037557,36.35161420235297,36.908227564195165,37.0832149289327,37.290054902470374,37.7124039587644,38.30267376644503,38.39864514149103,38.58716306204828,38.810323319749514,38.39963649865754,38.28510236843213,38.275321990746754,44.06845226,43.78018228
Qatar,0,0,3.5748673302341736,3.7110227945736507,3.8793477489133097,4.095846309356175,3.9442635939303123,3.8425614585668386,3.7456986108643386,3.6845777109341857,3.6609633954296186,3.416187950498608,3.507720730504688,3.51427343570097,3.5269973929157397,3.5486070186385645,3.1944726920008137,3.007121395291196,2.997904877250865,2.953574259914535,3.0382545335444315,2.970240615523056,2.923848788613155,2.8969703142928185,2.8745096986746104,2.8471673315903443,2.983748741231,3.881025091,4.122099981
Republic of Korea,0,0,17.949841869205244,19.3678064220837,21.04275524545076,23.11878136449188,24.615153261590127,26.131892226895058,27.671608719284755,29.183461532446856,30.584168761854738,31.583361206011446,32.78078820711694,33.96042748389982,35.34604748973322,36.907278246241574,37.91112205195014,39.057598776821074,40.379325058871004,41.91707058320447,43.588653147492586,45.28696945917745,47.311473202919544,49.66589292372529,52.27658435602628,55.11427856624059,58.399049252464025,54.83946666,56.89903003
Republic of Moldova,0,0,40.14268775632908,40.038155280961305,44.42432336789039,44.37478893624545,40.426947995198205,34.04639171745828,31.17908326202255,30.520507827499756,29.888333026082993,29.79413502844458,29.90753491491508,30.755395683453237,31.20221529338579,33.69261084494328,33.737428800091664,34.183200628934976,34.53425496275407,35.01287903067576,37.08910786594522,33.391110599814745,33.97846724798895,32.68487825900797,33.983793906088664,34.96311557824401,34.92721712101693,29.18542306,29.2458574
Rwanda,0,0,2.051105608140802,2.2200729977115974,2.4069055008268685,2.5876854068112856,2.573542618198364,2.5135913374324637,2.4118170850807146,2.238163887081039,2.0821338071272777,1.8737357477387733,1.7334631848517532,1.6067246609856543,1.5221445361082222,1.4730402637038444,1.492700375591236,1.5219287022662547,1.544537831360113,1.5592720671139155,1.5747054238038405,1.5914184453179547,1.6144583886431307,1.651291425882238,1.6960149063091159,1.75238669561774,1.8102930465430593,3.439655439,3.589230397
Samoa,0,0,3.4926581666565952,3.4945577050808714,3.4975605996834416,3.4930902675683617,3.4820202728361527,3.4638072821317527,3.4540815440959505,3.4445814084766653,3.4393020509704564,3.449376831590591,3.4691910889405357,3.4876972746378487,3.5162964663460197,3.5499271096471214,3.5439034908278693,3.5375868603916616,3.541223331696404,3.554534469772911,3.5763455664070904,3.5899268679088276,3.6067671837071433,3.6285079072108726,3.6572677140776193,3.6948994883985327,3.7421609951680894,7.507906948,7.585714129
Sao Tome and Principe,0,0,5.932216995520735,5.918184250704359,5.833449229675645,5.855147745654205,5.949222340974148,6.014827248566233,6.129628957963077,6.144437140979109,6.16459540010122,6.189555125725339,6.191929467616141,6.203251221701406,6.205443097257636,6.185226579963422,6.067690937430416,5.881044155937871,5.744439639555405,5.651677024284018,5.521921362517465,5.462792852846018,5.536269732581717,5.466586142985069,5.45657982802577,5.490400573608973,5.550607466748024,8.822398943,9.028415371
Saudi Arabia,0,0,2.2045184411728593,2.2433898391723113,2.291035014734161,2.3489722240553172,2.411704247008867,2.479963815375559,2.5640311493011203,2.6462610099734425,2.6889968176292496,2.7361207653044812,2.796473264646126,2.8626270754157623,2.9447942188814564,3.043141898310707,3.1090712246186096,3.18238268649133,3.2672764217828467,3.3288768813482896,3.438874971974513,3.4144756091879214,3.418121121707612,3.419832345591773,3.471144614432575,3.5711632844726706,3.6981278466653493,4.09866181,4.204030805
Senegal,0,0,2.8773142730557475,2.831495162913078,2.80815679726408,2.7486276136616667,2.6651342014111723,2.6080739679303497,2.552906428983062,2.5534248739930336,2.531810681473088,2.519902647462132,2.503575077204747,2.4955722494111354,2.488231823502607,2.483651443721589,2.5243642042643155,2.5649696185821638,2.6104775629545096,2.6590802889836573,2.7129367447582817,2.7526862052811247,2.797420383092362,2.8474661469324456,2.903122032573437,2.969451484897229,3.035112382594234,5.64196185,5.649526991
Serbia,0,0,54.91338173242812,56.39026992948846,58.023005340003586,60.72987795850082,62.1951709379382,63.22832051229901,64.09980780272063,65.74464673695736,67.8586376944329,69.28148755376372,70.93996389258913,72.72005647682114,74.60127128506075,76.3242347665947,77.83817434607977,79.06560371432724,80.85102735672474,82.82666104979955,84.89137119217668,84.96413997099017,84.9846445592956,84.52566200622769,84.40888926785158,83.40324969067913,82.13836093054411,87.88075138,87.67048348
Sierra Leone,0,0,2.4661162027882617,2.4070418679753702,2.340490697901053,2.302069748438238,2.262408814977299,2.2768923452729286,2.233033374080563,2.226393395085217,2.213075599238315,2.254910477740226,2.3190763970139576,2.368549265017187,2.401916085679136,2.4631444963882676,2.486087380173059,2.5100001819808564,2.5322816180190455,2.546257732870909,2.564671686485954,2.571444156070525,2.5745666424236497,2.582177236950892,2.586946586457499,2.595403817867739,2.615827921612761,4.229629449,4.31564152
Singapore,0,0,24.082721442858478,23.8701349732652,24.01896668312349,24.326813459815362,23.74040511030037,23.601449722052312,23.615984159759094,23.6894574336219,23.79485819736254,23.439516366796425,23.602773021707634,24.5825704416177,25.221376141680725,25.728580263033898,25.855842448876654,24.84549205541822,24.43280111815607,25.33175955519849,25.85738226875084,26.871023101699024,27.54216191175538,28.427559684262114,29.204398613165857,29.821850109539255,30.65745031952195,34.45838519,36.50811207
Slovakia,0,0,47.40193055025659,46.60709574381186,46.02988479388949,45.554092792632005,44.33147149428449,44.12338103216044,43.870011702033715,43.4596239450558,43.411793524250655,43.17359027468053,43.25047536578616,43.545638178172595,44.024883289776405,45.00924749390774,45.743817203400525,47.28723247886083,48.705084907086196,49.82747308687834,50.6385321291502,51.52430801513934,52.3010389677155,52.68359418944829,53.16011426464419,53.916616778528564,54.75640964734832,55.93441716,56.5148897
Slovenia,0,0,46.45634506020041,48.17883404811658,48.483419731050354,49.53484445230648,49.95856439716226,51.464382896700634,52.78788310021704,54.05525341078997,54.689845016780424,55.61981064827365,56.580246975477934,59.00388478819561,60.23649332102161,61.353459230162464,61.840639244833234,61.81489523428217,61.22496433016906,60.16466397243866,59.99024691701532,58.85788635565408,58.74266403326141,57.890641194240835,56.308984568230535,57.06868469628031,55.886998908496786,66.15393926,66.76943881
Solomon Islands,0,0,6.7696149137586215,6.789376172676957,6.825606330864395,6.874937374052261,6.892781658218701,6.934247022352749,7.002779612082867,7.049443216000318,7.131692777434481,7.215490542494498,7.303058557668901,7.404656656585,7.508466925017828,7.63324665154346,7.70756164178546,7.780417082374074,7.85909258869292,7.927295596507642,7.9812677958780816,7.97751522560487,7.979268647966249,7.9778901473581785,7.995516787348891,8.036370087526299,8.076675954655672,15.13753326,15.34192763
Somalia,0,0,1.5923776417403894,1.572609879024542,1.5503367065477107,1.5248983301001768,1.504552511147473,1.4841001688230095,1.4659266764654166,1.4374073123639828,1.4138465439995491,1.381559618836714,1.357388198605775,1.336062103149618,1.317835066475648,1.301731353433033,1.2906098010535954,1.2788667850408144,1.2689972298430103,1.2625354261347221,1.2590620668445383,1.250615591648719,1.2451744868285421,1.2399998744613994,1.2361837248821494,1.2329309619543207,1.2351227139285623,1.818373509,1.811545317
South Africa,0,0,12.07841901339426,11.872657836045509,11.904675914968179,11.987954076673047,12.134961649943621,12.499111368674619,12.535523861071379,12.841082695733558,13.27459103824115,12.439635215799987,12.042015290141714,11.803048095662076,11.61241920078424,11.38782840940051,11.4800402825653,11.48555960140364,11.477743275380664,11.580320729358531,11.668730793840252,11.69253937970138,11.720629090426815,11.775095053050428,11.965950393537833,12.186915520676216,12.439588071011475,15.93632312,15.43559395
South Sudan,0,0,1.8188846976005237,1.8358134813502947,1.8486233928235696,1.8559679755158378,1.8575525309153234,1.86116885173532,1.866146797189794,1.8588162491885587,1.8546968123991434,1.842491482741919,1.8377073139734386,1.8391891765245294,1.8392276325271155,1.8378618381723506,1.8281593447763598,1.8188500403600947,1.820089706546875,1.832260695333691,1.8601501918519805,1.882267733868257,1.916618019531627,1.9609793501322546,2.014139049588617,2.0744411658566526,2.129144464999834,3.410389933,3.418609609
Spain,2010,1,41.86601793661009,43.21589977985122,44.43025679378135,45.632861060196696,46.56259251156815,47.389327120472366,47.74357147276455,48.139183509938704,48.802902799952136,49.56741515653291,50.08535820372499,50.801886649270514,51.23905791812125,51.73460144551799,52.004064592208714,52.479734855361535,52.62038457772641,52.97046974556217,53.182146552910844,53.55321898655879,54.01132668842238,54.18949189003793,54.56524060701187,54.37092563938966,54.137053595497605,54.109809246376436,54.281443820464744
Sri Lanka,0,0,3.8659676840733685,3.9802894610921493,4.082461861007952,4.216979115785047,4.269655458154143,4.304988544952635,4.4043514011482605,4.569075778856389,4.7320196195404245,4.8885540701808985,5.045042417364879,5.235112959630329,5.437569920658284,5.641957928037613,5.841040533302816,5.9701510590340385,6.09823346535906,6.257010457620013,6.3339087693266976,6.282914191320772,6.316328029375765,6.333835316978382,6.354172682645106,6.3968049594659036,6.415271423855115,11.08098862,11.16224271
Sudan,0,0,4.281663550919422,4.28332289513636,4.288928170725882,4.303677719548842,4.300796888628632,4.298157639012836,4.2988188818688915,4.3044316131230405,4.321573524843374,4.338266989147397,4.370630040579295,4.399277853813631,4.44496458269987,4.503334042660573,4.496929804170474,4.496854649164777,4.5103809207048675,4.522732640418941,4.5376736567540545,4.540805409362168,4.549455609514794,4.558520447268876,4.5712930631818605,4.590140572380273,4.616282308574306,3.58153932,3.663659316
Suriname,2014,1,7.591375755862458,7.633795102874047,7.766500746306952,7.957460394350071,8.170268659832375,8.534960677295972,8.926751375959775,9.152828312077455,9.339980258301052,9.480712713500486,9.61148922378869,9.854623283900045,10.051613720383461,10.217515909237628,10.388264278062042,10.607650737030049,10.808389684120607,11.043075468489864,11.31461236736647,11.607999342219461,11.834918431602194,11.98635036914096,12.145877995974388,15.12226754,15.53595972,15.8143514,19.9
Sweden,0,0,34.254465268900205,34.05963438232525,34.05690519426313,34.373977207727386,34.64393951904525,34.97488486967421,35.497223243453206,36.46597366365789,37.39494183401038,38.028498329578824,38.44522293550289,39.19948909544509,40.51678923439526,41.073153854911396,40.927459430945746,41.202362197494296,41.500440852497775,41.23303559761962,41.075157232905596,41.56303810698309,41.96357869750679,42.00167514220012,41.75849902692935,41.78224599471834,41.534966192469376,42.39217057,42.60784616
Switzerland,0,0,47.4421426996447,47.10831886646013,46.622899298592536,46.90153105797773,46.03067089941104,46.16833683504902,46.77552084732478,47.070188078344444,48.03702543758917,48.34689607839937,48.47316031168112,48.97069778298164,48.701388771419396,49.023983090217115,49.48974696997595,50.14039644730706,50.43232093414012,50.60286052213691,50.6710046084881,50.28564033305707,50.43904101871972,50.377496524440915,49.383115578650404,49.67366931018512,50.23325225853775,49.78203819,49.70515588
Syrian Arab Republic,0,0,3.0361696217883543,3.0637503341301344,3.09164856335471,3.1266270356309174,3.1807326319351006,3.2393411718562812,3.302523117918243,3.3461987491938303,3.4087210733242475,3.4104799703934403,3.4791509654175674,3.53995075799815,3.5381204899509062,3.550207944174388,3.6286829019620224,3.7575226037172174,3.962778425145096,4.156820141288217,4.459909521063061,4.463183291532693,4.5348417409365425,4.640046875991203,4.7924955924977946,4.970937208690738,5.151049490692171,9.052865029,9.287968561
Thailand,2010,1,15.861626845382407,16.37179006302209,16.856715479443583,17.180480989564,17.571858475395654,18.015035228116737,18.525635791272236,19.1672703159625,19.377023693538355,20.25494357663336,21.20468690756554,21.552021673552968,21.84437042053959,22.29369426895953,22.356092408708363,22.53023330356344,22.955549200805805,23.33935973952097,23.73238752833642,24.167930546853764,24.669666055073836,25.162911568122805,25.768114258086303,26.423445735965938,27.021578477736032,27.85236697938612,28.72437704643958
Timor-Leste,0,0,4.596503592933641,4.651324195933159,4.689379919500186,4.7232549243011945,4.537281465772227,4.331279659345377,4.160305035180832,3.9821883825924425,3.838908325286137,3.8858695049122627,3.9850482118220563,4.131515874608018,4.265919256211357,4.375307748736346,4.614157099751387,4.840851109816015,5.074718502825394,5.326328370657348,5.59387736999059,5.669476101240259,5.725497395415013,5.7487808769362045,5.7751932373526085,5.811280504625117,5.796820934167372,11.81015088,11.85258986
Togo,0,0,2.8279972487912777,2.8393832383066555,2.8585538809134072,2.865868504620953,2.8649229857928886,2.86583986205805,2.8807644160726142,2.867091103252724,2.8937500279221493,2.8981321940966356,2.8860659144436065,2.9452434224929176,2.928067566850837,2.9467305742720984,2.9644894628225016,2.999817578660757,3.0599579150993597,3.065188038727595,3.094520213888155,3.0828059507524253,3.0860046647328456,3.0997648935162174,3.114319044964575,3.1326631856566878,3.1518177479696274,4.757197247,4.84108656
Trinidad and Tobago,2010,1,7.795296289229323,8.001737845657175,8.217128856580292,8.107075799791735,8.106267411588545,8.257853611864137,8.480796343993505,8.632855970370793,8.866615571542816,9.207019076259941,9.309802479404716,9.533455958390313,9.545806875924868,9.606065611064192,9.532483538289222,9.696898643035812,9.892119470086415,10.026367075547403,10.182213231551776,10.448013166570899,11.005583731884496,10.994776152913529,11.111573793848072,11.226202401108658,11.360625161028437,11.495754313553212,11.657543066995848
Tunisia,0,0,13.774320556823861,14.07684505136123,14.250356493080444,14.520897714072808,14.479135587523272,14.601411647899297,14.8429072892961,15.068465079683577,15.35101701659407,15.169112658216862,15.01115207064224,14.888868912917703,14.771192736820911,14.963720386457485,15.178099933429474,15.416999321379533,15.692465018471975,15.983558704126885,16.316690400644273,16.636578801162404,17.031079489034425,17.456303320685596,18.010439118175174,18.64793504014463,19.234528981128882,20.15543931,20.74286337
Turkmenistan,2010,1,7.6175807781696845,7.335872487720325,7.184904623083544,7.038266036931886,6.932022390680189,6.822263483815096,6.6999631706115,6.501535547200137,6.199873705017608,6.0004930439823445,5.797444182272955,5.680215999388268,5.437288965032241,5.102935036058622,4.978105181872842,4.936007934965588,4.954976119069111,5.022646156929305,5.059803292903937,5.184753131668767,5.358731926000317,5.442324387968017,5.379936544046154,5.393211359025159,5.556201937536084,5.546168990867131,5.574519931668201
Ukraine,0,0,56.813447260231946,57.556344290445246,58.205787979522896,59.798496684319225,55.84310330644876,51.440351341842806,47.06789378695569,46.45027579820429,46.01352271918498,44.402659959229304,43.358607971749166,42.85615179268696,43.30989627204766,43.77169122260484,41.99668691311874,43.139170603419466,43.27666178198199,39.038413964019234,37.49701797928226,37.00546574913459,38.20902183481088,38.47486355576988,37.594631843790076,38.13127579559001,38.869141433379596,43.42447863,45.20646471
United Arab Emirates,0,0,2.317218830800646,2.297602311867417,2.299970754588282,2.324542389359608,2.3370292317695767,2.3632148556484878,2.3631334125310053,2.3701723752532424,2.357958524817753,2.3196018314590208,2.296789467768627,2.278059586775724,2.2644280789081788,2.2793142964747566,2.220682649544204,2.2945944833117897,2.331057568912612,2.4265639793426304,2.5982462218119817,2.751716875058261,2.890741859355443,3.031450194979119,3.2015864240580445,3.398829048712196,3.619708417125353,4.833529364,5.324237818
United Republic of Tanzania,0,0,1.743171410297552,1.7371049460533945,1.748501848510014,1.7417038369560143,1.7364371253246436,1.7314222588103758,1.7347967455786912,1.7451068225433752,1.741236807101261,1.7508655959025472,1.7646347976031556,1.7843138344892744,1.8083580298496253,1.8404006645145736,1.8587984737588872,1.87746660539053,1.906821493334057,1.9369997977890516,1.9740213282066792,2.004399923631899,2.0420362700104793,2.0815899434879745,2.116989754498963,2.1595435727283436,2.2014645226431275,3.601710423,3.686525434
United States of America,0,0,72.06722050258466,73.27156152493662,74.28596185857725,75.14792434973975,74.37019755451124,73.25084996900868,73.10572984259791,73.10385607798165,73.451598058538,73.74643318602898,73.65457726090078,73.18070478272651,72.94253944817623,72.20248565462138,70.54361286895212,70.23151821052856,70.90751021347133,71.65124179434527,72.13482717227954,72.83087000366365,73.78030297676933,74.74223869309198,75.65237827783743,77.58127781619218,79.06226899965303,73.02407095,75.63886437
Uzbekistan,0,0,8.289104387150916,8.0662656093337,7.867363811055996,7.795172262453368,7.525683530678149,7.323572907423839,7.058375951103905,6.833226045949164,6.641190406646545,6.574228553002369,6.5680589272253505,6.526528640684615,6.410445265394259,6.219436695073949,6.16930148273291,6.003089176715796,5.855846286827725,5.744073986041185,5.5942077696552115,5.58828742237401,5.684058506440075,5.805338059464607,5.917347525985363,6.064270629319241,6.18954467955501,7.77637215,8.042419319
Vanuatu,0,0,8.074702273547455,8.113031556938331,8.158266718658608,8.230207955471245,8.240110411656115,8.278211951954356,8.281503705326793,8.253383280278497,8.234034731082804,8.20256964520715,8.224744362569421,8.26799356654604,8.328311851187765,8.414483806538545,8.470978967156299,8.516203113039039,8.58032932799288,8.660377686280642,8.741998848511532,8.703607546423362,8.74531572513577,8.767247123368806,8.814345479900563,8.870349060222479,8.93197186033644,13.73891009,13.97975346
Venezuela (Bolivarian Republic of),2012,1,8.711969348313094,8.823803700831235,9.015973464034383,8.957969114800374,8.774639110322907,8.732868217319023,8.997419205741599,9.22398997297159,9.588983736206284,9.850862624511233,10.122624704850402,10.556628416260352,10.463678434182569,10.624934621068917,11.138170716855262,11.634345350256707,12.07345812376087,12.323994033750479,12.215953183026887,12.556203082172233,13.125243372742872,13.339222537717447,13.817640484515294,14.41700997748574,15.136452079442304,18.51963295,19.35702044
Viet Nam,0,0,22.276711326620948,22.588147204020206,22.851583449669945,23.22161622765055,23.621359097329062,24.199173761880935,24.833147523509737,25.553435097843103,26.33231357050585,26.98552806762238,27.620781342296162,28.264852527257958,28.919268921031925,29.64374434394079,29.9805909046404,30.44732550103145,30.952006265428423,31.476646888787467,31.985802054175476,32.52297724990983,33.165123874960095,33.83579354035648,34.56539006922073,35.41819540671339,36.26627749006079,24.57919045,25.53946024
Yemen,0,0,3.793222515367075,3.930590999819423,4.065152955209249,4.20731463223497,4.202136441567975,4.218037471465996,4.19913161493774,4.1888979577460335,4.191263278781505,4.190001891355179,4.19829357301936,4.2220171597568,4.256376222511906,4.320346284176942,4.329249994972845,4.349016286327828,4.389564496386353,4.448700293260967,4.534081709174242,4.557328911885481,4.6157474616290095,4.675964381118596,4.7531146838103355,4.850765236661753,4.9575588527915535,4.068243301,4.11564398
Zimbabwe,0,0,5.399838594722762,4.932850436432724,4.592180683787034,4.456598316618205,4.352054787992426,4.265074802282693,4.167504108893794,4.082477791493363,4.0840023155360585,4.19669527753741,4.33517900222121,4.359960371280144,4.383726302133186,4.478459631801643,4.474190111205664,4.451889372646035,4.443213741239283,4.403620861367527,4.363536531889799,4.214025040322008,4.077345976015979,3.96310875991676,3.865247731054832,3.792497843954262,3.7372585036796693,6.601697431,6.711848714
