Country,Time,gdp_pc,health_exp,life_exp
Afghanistan,2008,398.9711165,38.10266113,59.93
Afghanistan,2009,472.8422916,41.72274399,60.484
Afghanistan,2010,526.1036756,44.99053192,61.028
Afghanistan,2011,511.9985148,50.85347366,61.553
Afghanistan,2012,557.9496921,51.44026184,62.054
Afghanistan,2013,568.9645435,55.03462982,62.525
Afghanistan,2014,565.1792733,59.00893402,62.966
Afghanistan,2015,556.0072209,58.90652847,63.377
Afghanistan,2016,552.9969077,60.18867111,63.763
Afghanistan,2017,553.3550517,65.70602417,64.13
Afghanistan,2018,546.7430101,69.99860382,64.486
Afghanistan,2019,555.1389963,65.80603027,64.833
Albania,2008,3298.478044,220.4642487,75.912
Albania,2009,3432.169973,186.4428101,76.221
Albania,2010,3577.113388,192.0032196,76.562
Albania,2011,3678.046738,211.0755158,76.914
Albania,2012,3736.339101,213.7197418,77.252
Albania,2013,3780.698202,236.957962,77.554
Albania,2014,3855.759734,251.3582611,77.813
Albania,2015,3952.802538,192.8851318,78.025
Albania,2016,4090.371657,202.0133209,78.194
Albania,2017,4249.803734,226.2806702,78.333
Albania,2018,4431.539181,274.914093,78.458
Albania,2019,4544.515005,NA,78.573
Algeria,2008,3856.407659,206.8851929,74.311
Algeria,2009,3851.213777,208.1199188,74.644
Algeria,2010,3918.48642,229.2894592,74.938
Algeria,2011,3956.895815,287.3861084,75.199
Algeria,2012,4012.361506,335.5619507,75.436
Algeria,2013,4042.923638,331.9416809,75.661
Algeria,2014,4112.076024,359.6421204,75.878
Algeria,2015,4177.889542,291.5535278,76.09
Algeria,2016,4224.037263,260.761261,76.298
Algeria,2017,4192.337692,258.0639648,76.499
Algeria,2018,4154.219038,256.0094605,76.693
Algeria,2019,4115.39554,248.2058716,76.88
Angola,2008,4077.776844,135.6058197,53.243
Angola,2009,3963.24842,119.9962845,54.311
Angola,2010,3988.623646,96.69701385,55.35
Angola,2011,3979.815051,122.1072311,56.33
Angola,2012,4167.125797,122.185585,57.236
Angola,2013,4220.964805,143.6068726,58.054
Angola,2014,4272.455537,131.6476593,58.776
Angola,2015,4166.979833,108.5829392,59.398
Angola,2016,3924.620471,95.12497711,59.925
Angola,2017,3790.791565,114.3346024,60.379
Angola,2018,3595.106667,87.31073761,60.782
Angola,2019,3458.650512,71.32600403,61.147
Argentina,2008,13310.62368,746.4932861,74.952
Argentina,2009,12398.28358,785.6702271,75.116
Argentina,2010,13551.33919,985.0344238,75.278
Argentina,2011,14200.26989,1208.391602,75.439
Argentina,2012,13895.63371,1368.422974,75.598
Argentina,2013,14071.50868,1421.657593,75.756
Argentina,2014,13567.94842,1286.217651,75.913
Argentina,2015,13789.06042,1531.484253,76.068
Argentina,2016,13360.21183,1153.534058,76.221
Argentina,2017,13595.03736,1529.670044,76.372
Argentina,2018,13105.39716,1127.928467,76.52
Argentina,2019,12712.97074,945.9919434,76.667
Armenia,2008,3335.244164,266.3115845,72.946
Armenia,2009,2884.33947,252.8356018,73.118
Armenia,2010,2958.838999,297.2290649,73.331
Armenia,2011,3098.742304,330.5755615,73.572
Armenia,2012,3312.980008,336.3205566,73.82
Armenia,2013,3406.536118,396.232544,74.056
Armenia,2014,3511.225059,405.7288818,74.273
Armenia,2015,3607.289299,364.9728088,74.467
Armenia,2016,3601.469664,357.4577637,74.64
Armenia,2017,3860.218058,405.6506958,74.797
Armenia,2018,4051.384967,422.2826843,74.945
Armenia,2019,4350.466198,523.9990845,75.087
Australia,2008,53338.60278,4090.761963,81.39512195
Australia,2009,53225.95104,3995.340088,81.54390244
Australia,2010,53542.83372,4945.038086,81.69512195
Australia,2011,54108.11106,5861.702637,81.89512195
Australia,2012,55254.60621,6025.344727,82.04634146
Australia,2013,55723.94823,5813.985352,82.14878049
Australia,2014,56305.97909,5607.917969,82.3
Australia,2015,56707.02208,4862.601563,82.4
Australia,2016,57358.7828,4993.689453,82.44878049
Australia,2017,57695.57126,5340.364746,82.5
Australia,2018,58447.25265,5364.542969,82.74878049
Australia,2019,58781.04666,5427.462402,82.9
Austria,2008,44422.18747,5057.760742,80.43170732
Austria,2009,42638.04137,4928.987793,80.33170732
Austria,2010,43317.08506,4800.793457,80.5804878
Austria,2011,44433.12737,5167.817871,80.98292683
Austria,2012,44531.96912,4966.095703,80.93658537
Austria,2013,44281.56633,5235.341309,81.13658537
Austria,2014,44227.37868,5393.602051,81.4902439
Austria,2015,44178.04738,4612.824219,81.1902439
Austria,2016,44572.32282,4709.875977,81.64146341
Austria,2017,45263.51656,4938.919922,81.64390244
Austria,2018,46170.39489,5322.262695,81.69268293
Austria,2019,46650.98628,5242.183105,81.79268293
Azerbaijan,2008,4692.912192,107.3614349,70.201
Azerbaijan,2009,5023.790765,129.7258606,70.597
Azerbaijan,2010,5215.020912,145.8452606,70.938
Azerbaijan,2011,5152.657444,176.4084778,71.234
Azerbaijan,2012,5194.738377,222.9855194,71.506
Azerbaijan,2013,5425.905285,239.9508057,71.768
Azerbaijan,2014,5505.988236,267.3097229,72.022
Azerbaijan,2015,5500.310382,226.510025,72.266
Azerbaijan,2016,5270.552968,156.9957275,72.493
Azerbaijan,2017,5229.526137,155.0982666,72.693
Azerbaijan,2018,5262.183805,168.3916473,72.864
Azerbaijan,2019,5348.26526,193.1088409,73.005
Bahamas,2008,34218.43213,1489.427246,72.022
Bahamas,2009,32234.29077,1470.687744,72.067
Bahamas,2010,32238.12302,1495.231323,72.144
Bahamas,2011,32016.68803,1491.041626,72.263
Bahamas,2012,32642.07573,1568.287964,72.424
Bahamas,2013,31165.27013,1609.317993,72.62
Bahamas,2014,31580.51618,1670.240356,72.847
Bahamas,2015,31776.05559,1635.882935,73.088
Bahamas,2016,31491.70047,1774.021729,73.329
Bahamas,2017,31682.6965,2162.423584,73.554
Bahamas,2018,32231.27258,2002.412964,73.752
Bahamas,2019,32136.76231,2004.616333,73.918
Bahrain,2008,21833.41198,757.736145,75.77
Bahrain,2009,21057.42077,785.2603149,75.913
Bahrain,2010,20982.34048,796.3184204,76.057
Bahrain,2011,20774.24494,805.3147583,76.2
Bahrain,2012,21187.54188,971.3684692,76.342
Bahrain,2013,22078.99048,1066.132446,76.484
Bahrain,2014,22676.62587,1101.256836,76.624
Bahrain,2015,22634.08565,1128.759155,76.762
Bahrain,2016,22552.68457,1098.883545,76.899
Bahrain,2017,22445.45256,1126.066895,77.032
Bahrain,2018,21824.20623,994.1790161,77.163
Bahrain,2019,21317.33449,940.3956909,77.292
Bangladesh,2008,897.1890238,15.80424309,69.072
Bangladesh,2009,931.9865061,17.92318726,69.485
Bangladesh,2010,972.9096877,20.80270004,69.881
Bangladesh,2011,1024.021957,22.84561729,70.256
Bangladesh,2012,1078.287546,23.45907974,70.606
Bangladesh,2013,1129.993548,26.67387962,70.93
Bangladesh,2014,1184.863283,29.74625206,71.231
Bangladesh,2015,1248.45331,32.84908676,71.514
Bangladesh,2016,1322.694812,34.56891251,71.785
Bangladesh,2017,1403.861692,37.40678406,72.052
Bangladesh,2018,1498.387892,41.90407562,72.32
Bangladesh,2019,1603.953646,45.85716248,72.591
Barbados,2008,18204.92103,1107.046021,78.184
Barbados,2009,17209.14039,1135.609863,78.272
Barbados,2010,16754.62856,1087.656494,78.364
Barbados,2011,16591.48205,1135.5177,78.456
Barbados,2012,16474.49833,1263.918701,78.547
Barbados,2013,16208.72228,1233.114868,78.633
Barbados,2014,16158.35446,1153.884155,78.717
Barbados,2015,16524.8995,1119.548218,78.801
Barbados,2016,16906.59362,1129.193359,78.888
Barbados,2017,16961.33996,1151.693726,78.981
Barbados,2018,16838.72873,1164.544556,79.081
Barbados,2019,16800.21,1143.322021,79.19
Belarus,2008,5180.712344,351.7279663,70.45609756
Belarus,2009,5203.854887,290.7015381,70.40731707
Belarus,2010,5621.937175,343.6791077,70.40487805
Belarus,2011,5938.22068,319.7537231,70.55365854
Belarus,2012,6047.871129,365.874939,71.96585366
Belarus,2013,6110.904667,456.4916687,72.47073171
Belarus,2014,6212.912772,450.2226257,72.97073171
Belarus,2015,5967.052204,362.7528381,73.62439024
Belarus,2016,5811.197944,298.6265869,73.82682927
Belarus,2017,5964.892944,333.5410767,74.12926829
Belarus,2018,6165.90933,351.0068054,74.17560976
Belarus,2019,6264.860965,399.3970947,74.22682927
Belgium,2008,40135.70565,4670.422852,79.6804878
Belgium,2009,39009.52956,4653.436523,80.03414634
Belgium,2010,39761.9314,4544.779785,80.18292683
Belgium,2011,39913.04049,4943.796875,80.58536585
Belgium,2012,39959.5003,4706.470215,80.38536585
Belgium,2013,39954.24627,4947.769531,80.58780488
Belgium,2014,40405.16818,5072.950684,81.28780488
Belgium,2015,40991.80814,4291.489746,80.99268293
Belgium,2016,41301.40652,4534.22998,81.43902439
Belgium,2017,41808.94556,4775.8125,81.49268293
Belgium,2018,42376.20576,5134.414551,81.59512195
Belgium,2019,43053.78859,4960.393555,81.74634146
Belize,2008,4814.477032,249.9266663,71.059
Belize,2009,4704.834741,241.7303619,71.541
Belize,2010,4728.773622,242.3494263,72.057
Belize,2011,4706.072991,252.8253937,72.57
Belize,2012,4709.310616,246.0603638,73.044
Belize,2013,4663.921511,257.9893189,73.452
Belize,2014,4747.067099,292.1433106,73.782
Belize,2015,4770.232656,283.5724487,74.034
Belize,2016,4671.914983,296.0452271,74.219
Belize,2017,4663.281516,282.5537415,74.365
Belize,2018,4707.401416,285.9703369,74.496
Belize,2019,4701.043306,293.4125977,74.623
Benin,2008,1000.851485,30.34991455,58.654
Benin,2009,995.6942065,30.76049805,59.009
Benin,2010,988.6107855,31.06598282,59.318
Benin,2011,989.7673545,34.99642563,59.59
Benin,2012,1008.766303,39.10080719,59.842
Benin,2013,1051.551916,35.76725006,60.092
Benin,2014,1087.719957,34.44753647,60.345
Benin,2015,1076.796698,31.30697823,60.608
Benin,2016,1082.451288,29.78626442,60.885
Benin,2017,1112.817094,29.76860428,61.174
Benin,2018,1155.313168,31.07242012,61.47
Benin,2019,1201.561384,29.12529182,61.771
Bhutan,2008,1909.245906,58.85731506,67.325
Bhutan,2009,2017.903478,61.12592697,67.882
Bhutan,2010,2235.322677,74.09108734,68.384
Bhutan,2011,2386.621111,79.5575943,68.84
Bhutan,2012,2479.151723,85.97568512,69.263
Bhutan,2013,2500.864512,88.24406433,69.662
Bhutan,2014,2612.886268,88.89917755,70.046
Bhutan,2015,2752.630172,98.56243896,70.419
Bhutan,2016,2940.69997,98.90504456,70.781
Bhutan,2017,3040.937003,104.8551025,71.129
Bhutan,2018,3097.148351,102.7385178,71.46
Bhutan,2019,3238.060464,115.9807587,71.777
Bolivia (Plurinational State of),2008,2414.973422,79.01570129,66.937
Bolivia (Plurinational State of),2009,2454.800303,90.77088165,67.476
Bolivia (Plurinational State of),2010,2514.434823,101.7298813,68.007
Bolivia (Plurinational State of),2011,2602.71849,121.3785858,68.521
Bolivia (Plurinational State of),2012,2692.607496,137.1217804,69.01
Bolivia (Plurinational State of),2013,2830.673453,162.1219788,69.468
Bolivia (Plurinational State of),2014,2939.47746,181.7120514,69.891
Bolivia (Plurinational State of),2015,3035.971655,198.8755798,70.277
Bolivia (Plurinational State of),2016,3118.913682,210.2380981,70.626
Bolivia (Plurinational State of),2017,3203.004437,217.4946899,70.945
Bolivia (Plurinational State of),2018,3291.156355,235.700882,71.239
Bolivia (Plurinational State of),2019,3317.370945,245.9234772,71.513
Bosnia and Herzegovina,2008,4132.191153,482.9365234,75.665
Bosnia and Herzegovina,2009,4027.691282,425.0511475,75.844
Bosnia and Herzegovina,2010,4095.960731,417.7483215,76.031
Bosnia and Herzegovina,2011,4185.304033,467.0319214,76.219
Bosnia and Herzegovina,2012,4215.619738,452.9765015,76.401
Bosnia and Herzegovina,2013,4390.648706,484.2270203,76.569
Bosnia and Herzegovina,2014,4518.465786,504.7872315,76.723
Bosnia and Herzegovina,2015,4729.689959,442.0378418,76.865
Bosnia and Herzegovina,2016,4940.759769,461.9793396,76.998
Bosnia and Herzegovina,2017,5150.273169,482.1771545,77.128
Bosnia and Herzegovina,2018,5387.269436,539.9100342,77.262
Bosnia and Herzegovina,2019,5578.266314,553.822937,77.401
Botswana,2008,5837.779265,330.3592224,56.679
Botswana,2009,5286.574918,342.9356384,58.447
Botswana,2010,5642.220049,398.5707092,60.211
Botswana,2011,5899.462841,440.0437012,61.91
Botswana,2012,6089.39911,433.0039978,63.511
Botswana,2013,6704.536817,449.7056885,64.976
Botswana,2014,6895.574413,435.5536804,66.265
Botswana,2015,6402.910183,389.3807373,67.338
Botswana,2016,6729.065594,402.8016357,68.178
Botswana,2017,6855.160311,484.2239075,68.812
Botswana,2018,6973.098846,494.1954651,69.275
Botswana,2019,7027.045357,481.5330505,69.592
Brazil,2008,8258.615884,707.4912109,72.966
Brazil,2009,8169.26242,721.7680054,73.3
Brazil,2010,8702.255331,896.6971436,73.619
Brazil,2011,8965.620557,1031.576172,73.921
Brazil,2012,9056.580438,957.0070801,74.209
Brazil,2013,9247.573381,981.152832,74.483
Brazil,2014,9214.977244,1017.047119,74.745
Brazil,2015,8813.989806,785.2648315,74.994
Brazil,2016,8455.312342,798.6270752,75.23
Brazil,2017,8498.293906,940.369751,75.456
Brazil,2018,8582.338637,866.1553955,75.672
Brazil,2019,8638.282907,853.3879395,75.881
Brunei Darussalam,2008,33981.33703,788.6153565,74.494
Brunei Darussalam,2009,32991.82358,741.2953491,74.623
Brunei Darussalam,2010,33437.12173,803.5268555,74.74
Brunei Darussalam,2011,34244.2069,877.1575928,74.852
Brunei Darussalam,2012,34096.90756,883.6755981,74.962
Brunei Darussalam,2013,32924.99003,849.3306274,75.075
Brunei Darussalam,2014,31678.93731,798.7937012,75.193
Brunei Darussalam,2015,31164.03625,743.920044,75.318
Brunei Darussalam,2016,30038.73449,692.0357056,75.45
Brunei Darussalam,2017,30101.5288,648.6688232,75.585
Brunei Darussalam,2018,29802.78288,763.1456909,75.722
Brunei Darussalam,2019,30646.10925,671.5626831,75.86
Bulgaria,2008,6459.640912,455.5405884,72.96341463
Bulgaria,2009,6288.67741,459.3002014,73.41219512
Bulgaria,2010,6427.810062,484.7522888,73.51219512
Bulgaria,2011,6605.08982,555.8641968,74.16341463
Bulgaria,2012,6693.612364,558.6479492,74.31463415
Bulgaria,2013,6693.450153,547.454834,74.86097561
Bulgaria,2014,6796.689119,605.2589111,74.46585366
Bulgaria,2015,7074.681023,521.4190674,74.61463415
Bulgaria,2016,7341.047614,562.3408203,74.81219512
Bulgaria,2017,7599.124957,624.5250244,74.81463415
Bulgaria,2018,7859.678037,689.9053955,74.96341463
Bulgaria,2019,8234.781334,697.8963623,74.91463415
Burkina Faso,2008,554.1121212,29.90420341,55.618
Burkina Faso,2009,553.5166745,31.71803284,56.377
Burkina Faso,2010,582.4157341,33.94390106,57.096
Burkina Faso,2011,602.5791469,34.91963577,57.761
Burkina Faso,2012,622.5197112,34.88827133,58.374
Burkina Faso,2013,639.2329213,43.80942535,58.937
Burkina Faso,2014,647.4287022,39.6444664,59.45
Burkina Faso,2015,653.3272681,33.52824402,59.919
Burkina Faso,2016,672.3630399,40.98265457,60.354
Burkina Faso,2017,693.7264393,44.51367188,60.768
Burkina Faso,2018,718.6425595,40.26911545,61.174
Burkina Faso,2019,738.2189012,42.3445282,61.577
Burundi,2008,306.5074152,18.31873894,55.721
Burundi,2009,307.9042658,21.8832016,56.488
Burundi,2010,313.3118179,26.41332245,57.228
Burundi,2011,315.6569231,25.13240814,57.925
Burundi,2012,319.4385338,21.51785278,58.568
Burundi,2013,324.8286607,21.93877029,59.148
Burundi,2014,328.1471959,20.10721016,59.665
Burundi,2015,305.5496525,19.64325523,60.123
Burundi,2016,294.2188482,21.78308105,60.528
Burundi,2017,286.4315278,23.15567589,60.898
Burundi,2018,281.9702323,22.40539742,61.247
Burundi,2019,278.3193713,20.56754112,61.584
Cabo Verde,2008,3079.120513,133.2350769,70.786
Cabo Verde,2009,3003.641245,135.4057159,70.911
Cabo Verde,2010,3010.722178,151.160141,71.062
Cabo Verde,2011,3091.22296,161.0337372,71.243
Cabo Verde,2012,3085.191746,176.9837341,71.445
Cabo Verde,2013,3070.4637,191.2829895,71.661
Cabo Verde,2014,3050.272346,191.176239,71.886
Cabo Verde,2015,3043.031382,146.6751709,72.117
Cabo Verde,2016,3147.837443,151.7473602,72.347
Cabo Verde,2017,3225.751753,173.7935486,72.57
Cabo Verde,2018,3333.06611,190.4555969,72.782
Cabo Verde,2019,3482.448472,177.8902741,72.981
Cambodia,2008,867.1214601,49.21836472,65.394
Cambodia,2009,854.9557547,55.96894836,66.014
Cambodia,2010,892.1004421,54.29156113,66.56
Cambodia,2011,940.1118195,66.20181274,67.043
Cambodia,2012,992.5498342,69.04489136,67.48
Cambodia,2013,1048.132495,71.99204254,67.888
Cambodia,2014,1104.74997,73.28150177,68.273
Cambodia,2015,1162.904995,72.03400421,68.637
Cambodia,2016,1224.220428,77.65436554,68.977
Cambodia,2017,1289.985814,79.27455139,69.289
Cambodia,2018,1365.829057,92.90358734,69.57
Cambodia,2019,1441.179228,113.3104401,69.823
Cameroon,2008,1249.375186,52.65299225,54.153
Cameroon,2009,1246.807419,49.35915375,54.627
Cameroon,2010,1248.180462,48.35902023,55.101
Cameroon,2011,1255.47724,56.44068146,55.581
Cameroon,2012,1278.164384,55.17245483,56.073
Cameroon,2013,1306.027478,55.47434235,56.576
Cameroon,2014,1343.928455,60.95220566,57.083
Cameroon,2015,1382.50979,49.76532364,57.583
Cameroon,2016,1407.274522,50.88278198,58.063
Cameroon,2017,1419.176134,49.76703644,58.511
Cameroon,2018,1437.271534,53.17176819,58.921
Cameroon,2019,1449.277548,53.99584961,59.292
Canada,2008,42063.63305,4474.974609,80.69512195
Canada,2009,40368.29204,4371.552734,80.99512195
Canada,2010,41155.32364,5065.915039,81.24634146
Canada,2011,42036.99784,5400.11377,81.44878049
Canada,2012,42315.80739,5500.684082,81.64878049
Canada,2013,42846.2842,5443.625,81.74878049
Canada,2014,43635.09548,5189.014648,81.8
Canada,2015,43596.13554,4637.211426,81.9
Canada,2016,43536.9134,4629.375,81.9
Canada,2017,44325.41678,4865.070801,81.9
Canada,2018,44917.36981,5018.711426,82.04878049
Canada,2019,45118.6591,5048.372559,82.04878049
Central African Republic,2008,480.4109001,19.52352142,46.161
Central African Republic,2009,513.9373957,22.9681778,46.719
Central African Republic,2010,531.7129958,18.69205093,47.312
Central African Republic,2011,550.0198955,21.3735981,47.95
Central African Republic,2012,575.5018888,22.29368019,48.638
Central African Republic,2013,365.1161263,18.83095169,49.371
Central African Republic,2014,364.083958,20.86845589,50.129
Central African Republic,2015,377.4229177,19.00076675,50.881
Central African Republic,2016,391.4735346,21.89539337,51.593
Central African Republic,2017,404.0024591,30.05440521,52.24
Central African Republic,2018,412.9902027,53.6903801,52.805
Central African Republic,2019,418.3155518,37.19958115,53.283
Chad,2008,653.8711528,37.86497879,49.82
Chad,2009,659.2523295,35.82932663,50.346
Chad,2010,724.0305855,36.32339096,50.89
Chad,2011,700.6627053,38.54948807,51.424
Chad,2012,737.6126079,37.40947342,51.928
Chad,2013,753.9626233,39.96808624,52.386
Chad,2014,779.8466467,43.7831459,52.789
Chad,2015,776.0197523,35.10715103,53.137
Chad,2016,704.9600718,35.39419937,53.438
Chad,2017,663.1647294,30.59851456,53.712
Chad,2018,658.6888919,29.69879913,53.977
Chad,2019,660.0699288,29.85083008,54.239
Chile,2008,11574.72861,724.7012329,78.33
Chile,2009,11273.6175,735.9789429,78.558
Chile,2010,11809.14163,867.7307739,78.779
Chile,2011,12406.41357,991.2028809,78.986
Chile,2012,12941.03,1077.82019,79.176
Chile,2013,13333.34683,1179.472656,79.349
Chile,2014,13425.68328,1145.408569,79.504
Chile,2015,13574.16924,1127.021606,79.646
Chile,2016,13624.67855,1171.623047,79.779
Chile,2017,13590.99135,1360.173584,79.909
Chile,2018,13901.01831,1455.116699,80.042
Chile,2019,13866.95584,1375.802979,80.181
China,2008,4711.635127,131.8872833,73.835
China,2009,5128.895068,162.6175537,74.119
China,2010,5647.058752,186.4915009,74.409
China,2011,6152.686005,236.3749237,74.708
China,2012,6591.650851,281.6771545,75.013
China,2013,7056.410627,326.0415955,75.321
China,2014,7532.771996,359.3093262,75.629
China,2015,8016.431435,390.1040955,75.928
China,2016,8516.513699,395.3599548,76.21
China,2017,9053.212733,437.2567444,76.47
China,2018,9619.192484,501.0593872,76.704
China,2019,10155.41756,535.1333618,76.912
Colombia,2008,4991.789212,374.4269714,74.962
Colombia,2009,4992.823174,379.6958618,75.193
Colombia,2010,5162.705636,448.0877686,75.424
Colombia,2011,5468.19554,497.3807068,75.655
Colombia,2012,5631.21737,543.0700073,75.882
Colombia,2013,5866.873788,576.7012329,76.105
Colombia,2014,6069.186783,583.0588989,76.322
Colombia,2015,6175.87603,464.6349793,76.531
Colombia,2016,6219.149691,442.1382446,76.732
Colombia,2017,6208.98702,489.6445923,76.925
Colombia,2018,6271.875121,513.1586914,77.109
Colombia,2019,6390.368057,495.3297119,77.287
Comoros,2008,1183.872149,70.62155151,61.094
Comoros,2009,1192.678434,66.25401306,61.475
Comoros,2010,1208.480763,65.7171936,61.862
Comoros,2011,1227.969072,76.77274323,62.24
Comoros,2012,1237.003155,72.61225128,62.595
Comoros,2013,1261.904692,76.68770599,62.922
Comoros,2014,1258.070703,79.20176697,63.214
Comoros,2015,1242.585608,57.17092514,63.471
Comoros,2016,1254.54004,59.23079681,63.7
Comoros,2017,1273.13658,69.73937988,63.912
Comoros,2018,1290.289966,69.41635895,64.118
Comoros,2019,1284.286519,72.32379913,64.321
Congo,2008,392.0747166,16.34123802,55.743
Congo,2009,390.1121089,13.57572556,56.35
Congo,2010,404.1516141,12.89442444,56.909
Congo,2011,417.7570285,12.62923431,57.427
Congo,2012,432.6784074,14.01603508,57.914
Congo,2013,453.9989387,16.33388329,58.381
Congo,2014,480.7661915,19.36799622,58.828
Congo,2015,497.3170391,19.73957443,59.254
Congo,2016,492.8027749,20.57792664,59.655
Congo,2017,494.7812485,19.41378212,60.026
Congo,2018,506.9582737,18.52062225,60.368
Congo,2019,512.5863194,20.57073212,60.681
Dominican Republic,2008,2102.296455,65.03125,58.466
Dominican Republic,2009,2271.130999,50.24730682,59.321
Dominican Republic,2010,2421.709029,56.96957016,60.093
Dominican Republic,2011,2406.925446,62.42331314,60.785
Dominican Republic,2012,2578.661769,74.9154129,61.423
Dominican Republic,2013,2497.949709,75.50088501,62.022
Dominican Republic,2014,2601.458383,74.61357117,62.582
Dominican Republic,2015,2447.539308,60.15248871,63.097
Dominican Republic,2016,2128.859175,56.93314743,63.556
Dominican Republic,2017,1983.900547,54.75907516,63.954
Dominican Republic,2018,1840.433629,49.46409988,64.29
Dominican Republic,2019,1792.307167,48.55877304,64.57
Costa Rica,2008,10052.6829,515.4333496,78.491
Costa Rica,2009,9837.876584,534.5744629,78.626
Costa Rica,2010,10236.98032,660.5864258,78.769
Costa Rica,2011,10559.20596,749.6449585,78.919
Costa Rica,2012,10945.03501,784.4829712,79.074
Costa Rica,2013,11090.08844,825.3932495,79.234
Costa Rica,2014,11355.3311,831.3001709,79.398
Costa Rica,2015,11642.77805,883.9154663,79.565
Costa Rica,2016,12004.67131,878.888916,79.738
Costa Rica,2017,12375.92373,861.3200684,79.914
Costa Rica,2018,12573.95585,909.6730957,80.095
Costa Rica,2019,12735.09282,921.5857544,80.279
Côte d'Ivoire,2008,1596.255237,78.34770203,51.682
Côte d'Ivoire,2009,1616.378192,75.07719421,52.313
Côte d'Ivoire,2010,1687.216519,74.04659271,52.964
Côte d'Ivoire,2011,1558.968697,74.29046631,53.62
Côte d'Ivoire,2012,1637.392804,76.08685303,54.271
Côte d'Ivoire,2013,1769.214869,72.76117706,54.906
Côte d'Ivoire,2014,1887.16489,80.52973175,55.508
Côte d'Ivoire,2015,1972.545683,63.51419067,56.065
Côte d'Ivoire,2016,2061.215247,67.48299408,56.567
Côte d'Ivoire,2017,2157.245195,69.77150726,57.017
Côte d'Ivoire,2018,2247.776609,72.17318726,57.422
Côte d'Ivoire,2019,2327.745364,75.08779144,57.783
Croatia,2008,12789.6358,1258.872437,75.91219512
Croatia,2009,11870.794,1187.545288,76.16829268
Croatia,2010,11748.94483,1126.373657,76.47560976
Croatia,2011,11779.52999,1132.498901,76.77560976
Croatia,2012,11546.70174,1029.971191,76.92439024
Croatia,2013,11536.86016,889.944519,77.12682927
Croatia,2014,11543.87628,909.3716431,77.47804878
Croatia,2015,11933.37738,795.520813,77.27560976
Croatia,2016,12441.50254,840.9050293,78.02195122
Croatia,2017,13021.67166,902.6252441,77.82682927
Croatia,2018,13519.55883,1014.222351,78.07073171
Croatia,2019,14068.04453,1040.085693,78.42439024
Cuba,2008,6500.652601,612.2435913,78.15
Cuba,2009,6601.026389,679.6263428,78.256
Cuba,2010,6759.342799,612.4650879,78.338
Cuba,2011,6942.057697,699.8342896,78.4
Cuba,2012,7138.368173,604.2123413,78.446
Cuba,2013,7317.853996,713.241333,78.485
Cuba,2014,7378.696264,866.0756226,78.521
Cuba,2015,7694.014637,986.7340088,78.561
Cuba,2016,7726.495044,984.8484497,78.607
Cuba,2017,7863.394684,1000.289551,78.662
Cuba,2018,8040.987995,986.9373169,78.726
Cuba,2019,8031.03542,1031.921753,78.802
Cyprus,2008,27447.24093,2155.246582,79.071
Cyprus,2009,26181.7436,2105.477783,79.245
Cyprus,2010,26019.76438,2045.292358,79.43
Cyprus,2011,25466.1084,2114.668945,79.621
Cyprus,2012,24216.52852,1899.372559,79.812
Cyprus,2013,22682.26657,1916.322632,79.999
Cyprus,2014,22513.77926,1873.891357,80.178
Cyprus,2015,23408.33668,1581.413574,80.35
Cyprus,2016,24805.20256,1634.935547,80.513
Cyprus,2017,26013.83282,1750.507324,80.672
Cyprus,2018,27161.40335,1981.778442,80.828
Cyprus,2019,28211.06465,1996.458252,80.982
Czechia,2008,17046.88503,1449.336792,76.97560976
Czechia,2009,16160.62056,1442.242798,77.07804878
Czechia,2010,16505.9537,1373.931763,77.42439024
Czechia,2011,16761.82731,1516.55542,77.87317073
Czechia,2012,16606.99254,1387.406006,78.07560976
Czechia,2013,16593.86423,1554.509033,78.17560976
Czechia,2014,16951.37912,1512.926147,78.82439024
Czechia,2015,17829.69832,1284.046753,78.57804878
Czechia,2016,18247.01173,1321.620239,79.02682927
Czechia,2017,19139.23988,1475.915283,78.97804878
Czechia,2018,19685.49448,1765.588623,79.02926829
Czechia,2019,20202.15159,1844.217773,79.12926829
Denmark,2008,53345.35762,6137.776367,78.44634146
Denmark,2009,50457.23249,6221.688965,78.59756098
Denmark,2010,51173.46616,6011.538086,79.1
Denmark,2011,51644.46351,6281.004395,79.8
Denmark,2012,51567.04015,6003.830566,80.05121951
Denmark,2013,51831.79793,6236.554199,80.3
Denmark,2014,52404.76397,6380.784668,80.7
Denmark,2015,53254.85637,5469.334961,80.70243902
Denmark,2016,54556.06895,5565.593262,80.85365854
Denmark,2017,55735.7649,5800.152832,81.10243902
Denmark,2018,56563.48847,6216.768555,80.95365854
Denmark,2019,57553.13124,6003.325195,81.20243902
Djibouti,2008,NA,53.96245575,59.124
Djibouti,2009,NA,55.32074356,59.561
Djibouti,2010,NA,56.2014122,60.062
Djibouti,2011,NA,68.77837372,60.667
Djibouti,2012,NA,72.22033691,61.395
Djibouti,2013,2386.248188,67.53491211,62.239
Djibouti,2014,2510.94529,73.12316895,63.171
Djibouti,2015,2658.949245,82.28987885,64.136
Djibouti,2016,2789.69381,76.8683548,65.064
Djibouti,2017,2893.758813,72.23477173,65.893
Djibouti,2018,3088.56378,71.08630371,66.582
Djibouti,2019,3278.527362,61.80943298,67.112
Dominican Republic,2008,5409.947949,240.4110718,71.559
Dominican Republic,2009,5393.470287,256.3579102,71.806
Dominican Republic,2010,5771.918418,309.9571838,72.046
Dominican Republic,2011,5881.135421,335.0012817,72.284
Dominican Republic,2012,5969.352761,359.6081848,72.523
Dominican Republic,2013,6187.283014,359.5705566,72.763
Dominican Republic,2014,6547.307977,380.0755005,73.003
Dominican Republic,2015,6921.520594,400.3849487,73.241
Dominican Republic,2016,7300.033285,424.3001709,73.471
Dominican Republic,2017,7556.85365,443.6706848,73.689
Dominican Republic,2018,7997.761109,461.5351563,73.892
Dominican Republic,2019,8314.344819,491.0593567,74.081
Ecuador,2008,5280.71364,228.485672,74.705
Ecuador,2009,5224.838337,241.1614075,74.895
Ecuador,2010,5323.737482,283.415741,75.089
Ecuador,2011,5654.92807,336.8609314,75.289
Ecuador,2012,5885.099861,384.2339478,75.495
Ecuador,2013,6084.443907,411.9067383,75.707
Ecuador,2014,6218.239195,428.7937927,75.923
Ecuador,2015,6124.490887,458.814209,76.143
Ecuador,2016,5947.00199,441.170929,76.365
Ecuador,2017,5981.132618,461.57547,76.584
Ecuador,2018,5952.218084,495.1695862,76.8
Ecuador,2019,5853.81306,486.492157,77.01
Egypt,2008,3290.94074,97.20935059,69.971
Egypt,2009,3381.115376,106.6651917,70.159
Egypt,2010,3485.282198,113.2481995,70.349
Egypt,2011,3472.598293,125.2548676,70.543
Egypt,2012,3472.148298,150.7184143,70.736
Egypt,2013,3468.468828,150.6195984,70.928
Egypt,2014,3489.864124,167.2470856,71.117
Egypt,2015,3562.932658,183.4326172,71.302
Egypt,2016,3638.894927,153.4869537,71.482
Egypt,2017,3712.603653,113.9753799,71.656
Egypt,2018,3831.199835,125.545372,71.825
Egypt,2019,3964.987129,149.8403168,71.99
El Salvador,2008,3364.100436,224.842514,70.756
El Salvador,2009,3280.020388,240.0522308,70.978
El Salvador,2010,3334.932842,245.7085877,71.21
El Salvador,2011,3447.350131,265.9998169,71.449
El Salvador,2012,3528.867124,258.4768982,71.692
El Salvador,2013,3591.427069,270.8797607,71.935
El Salvador,2014,3636.010312,275.6874085,72.175
El Salvador,2015,3705.579704,282.7453308,72.412
El Salvador,2016,3781.378574,293.2580261,72.644
El Salvador,2017,3846.973934,282.0367432,72.872
El Salvador,2018,3920.526278,288.5174561,73.096
El Salvador,2019,3993.529062,300.0532837,73.317
Equatorial Guinea,2008,16438.64147,421.3156433,55.07
Equatorial Guinea,2009,15906.49659,308.5909729,55.329
Equatorial Guinea,2010,13841.39648,314.4091797,55.622
Equatorial Guinea,2011,14098.64642,336.2060242,55.945
Equatorial Guinea,2012,14614.17698,274.3368835,56.288
Equatorial Guinea,2013,13421.56576,382.4620667,56.642
Equatorial Guinea,2014,12926.53359,425.2958069,57.001
Equatorial Guinea,2015,11283.39805,328.9506226,57.359
Equatorial Guinea,2016,9894.006294,290.8769226,57.713
Equatorial Guinea,2017,8986.951035,286.146759,58.061
Equatorial Guinea,2018,8124.182889,310.5848694,58.402
Equatorial Guinea,2019,7373.595179,254.891098,58.735
Eritrea,2008,637.6026667,19.32589912,60.952
Eritrea,2009,650.189673,22.39599228,61.602
Eritrea,2010,653.8687847,24.71432877,62.193
Eritrea,2011,700.9981633,33.53648758,62.732
Eritrea,2012,NA,26.23007774,63.238
Eritrea,2013,NA,29.8780117,63.726
Eritrea,2014,NA,31.9061451,64.201
Eritrea,2015,NA,26.82021332,64.664
Eritrea,2016,NA,22.65307236,65.111
Eritrea,2017,NA,20.79556274,65.538
Eritrea,2018,NA,23.97976303,65.941
Eritrea,2019,NA,25.2679348,66.321
Estonia,2008,16600.89051,1038.562256,73.77073171
Estonia,2009,14199.68319,963.0196533,74.82439024
Estonia,2010,14579.974,926.4541626,75.42926829
Estonia,2011,15686.47909,1015.968262,76.22926829
Estonia,2012,16250.93541,1013.314209,76.32682927
Estonia,2013,16546.72749,1144.646851,77.14146341
Estonia,2014,17089.77037,1238.927002,77.03414634
Estonia,2015,17395.04062,1112.914063,77.5902439
Estonia,2016,17938.72927,1186.102783,77.64146341
Estonia,2017,18954.78591,1350.380615,78.09268293
Estonia,2018,19669.76485,1552.632446,78.24390244
Estonia,2019,20399.56934,1598.818848,78.49756098
Eswatini,2008,3179.064297,277.9058533,44.17
Eswatini,2009,3205.875216,292.2944031,45.275
Eswatini,2010,3304.439792,358.1239014,46.601
Eswatini,2011,3356.043831,380.8573608,48.141
Eswatini,2012,3513.376924,354.0736389,49.862
Eswatini,2013,3623.660208,315.4493713,51.699
Eswatini,2014,3629.799017,293.0811462,53.569
Eswatini,2015,3680.349473,259.5190735,55.359
Eswatini,2016,3686.215665,233.6351471,56.962
Eswatini,2017,3724.761904,273.3828735,58.319
Eswatini,2018,3774.621243,298.118927,59.401
Eswatini,2019,3833.246815,264.0551453,60.194
Ethiopia,2008,391.2555721,13.45180225,59.581
Ethiopia,2009,414.1204941,15.63803864,60.645
Ethiopia,2010,453.2988293,16.7058506,61.627
Ethiopia,2011,489.9926725,15.11117077,62.505
Ethiopia,2012,517.513461,20.66479492,63.281
Ethiopia,2013,556.3262878,19.88365173,63.961
Ethiopia,2014,596.455128,22.27192688,64.547
Ethiopia,2015,640.5419231,23.91623878,65.048
Ethiopia,2016,682.2393577,25.07559586,65.482
Ethiopia,2017,727.8440543,24.92481232,65.872
Ethiopia,2018,757.3504167,24.29408836,66.24
Ethiopia,2019,799.7951343,26.74220467,66.597
Fiji,2008,4532.013247,143.7378388,66.477
Fiji,2009,4425.848024,128.657898,66.559
Fiji,2010,4523.866264,135.1687012,66.655
Fiji,2011,4626.683325,149.0231628,66.759
Fiji,2012,4683.226283,162.4148254,66.859
Fiji,2013,4901.89758,167.8108673,66.95
Fiji,2014,5171.527699,188.8343201,67.03
Fiji,2015,5390.714207,179.2209778,67.103
Fiji,2016,5498.661935,185.346756,67.175
Fiji,2017,5759.658669,194.4366608,67.252
Fiji,2018,5938.427556,216.0964203,67.341
Fiji,2019,5869.021144,235.6750183,67.444
Finland,2008,46339.98058,4481.216797,79.56829268
Finland,2009,42395.04483,4347.121582,79.7195122
Finland,2010,43546.05619,4249.602051,79.87073171
Finland,2011,44448.93852,4715.935059,80.47073171
Finland,2012,43619.70304,4572.523438,80.62682927
Finland,2013,43027.68962,4892.097168,80.97560976
Finland,2014,42693.74812,4922.675781,81.1804878
Finland,2015,42784.69836,4127.149902,81.4804878
Finland,2016,43861.32391,4107.062988,81.42926829
Finland,2017,45155.46603,4233.468262,81.63170732
Finland,2018,45610.57926,4515.677246,81.73414634
Finland,2019,46116.52771,4450.302734,81.78536585
France,2008,36342.70399,4807.374512,81.21463415
France,2009,35117.32352,4737.578125,81.41463415
France,2010,35625.47404,4592.383301,81.66341463
France,2011,36230.96922,4931.87793,82.11463415
France,2012,36168.93936,4644.595703,81.96829268
France,2013,36190.61048,4893.476074,82.2195122
France,2014,36363.99158,4982.991211,82.7195122
France,2015,36638.18493,4201.555664,82.32195122
France,2016,36941.93624,4257.149902,82.57317073
France,2017,37678.9273,4402.07959,82.57560976
France,2018,38276.46942,4657.75293,82.72439024
France,2019,38896.68543,4491.735352,82.57804878
Gabon,2008,6845.944588,286.5473938,59.904
Gabon,2009,6634.718677,298.6123962,60.637
Gabon,2010,6863.538764,219.0719147,61.4
Gabon,2011,7086.387782,276.480011,62.168
Gabon,2012,7181.21372,237.5818787,62.924
Gabon,2013,7304.779664,275.0975342,63.648
Gabon,2014,7350.051298,244.757019,64.318
Gabon,2015,7384.700704,196.2439728,64.913
Gabon,2016,7313.139965,217.0552063,65.418
Gabon,2017,7145.117564,201.0585327,65.839
Gabon,2018,7019.827554,218.4752808,66.187
Gabon,2019,7116.081268,215.0191498,66.467
Georgia,2008,2980.309535,268.1403503,70.946
Georgia,2009,2897.130877,257.0617676,71.18
Georgia,2010,3100.723427,271.0166626,71.46
Georgia,2011,3356.997868,296.6886902,71.773
Georgia,2012,3597.203764,326.4760742,72.097
Georgia,2013,3738.70504,334.6890564,72.412
Georgia,2014,3902.568799,345.2559815,72.707
Georgia,2015,4014.185944,275.8408203,72.973
Georgia,2016,4128.385603,301.5457764,73.207
Georgia,2017,4327.727585,285.9877014,73.414
Georgia,2018,4539.087522,312.7469177,73.6
Georgia,2019,4773.423309,291.1220398,73.767
Germany,2008,38262.9221,4669.65332,79.73658537
Germany,2009,36175.84148,4674.783203,79.83658537
Germany,2010,37745.73075,4611.275879,79.98780488
Germany,2011,39961.26765,5037.370117,80.43658537
Germany,2012,40053.2429,4765.583008,80.53902439
Germany,2013,40118.87838,5099.641113,80.4902439
Germany,2014,40834.73633,5307.082031,81.0902439
Germany,2015,41086.72967,4624.556641,80.64146341
Germany,2016,41665.27277,4744.229492,80.9902439
Germany,2017,42622.40993,5055.821289,80.99268293
Germany,2018,42956.01129,5481.987305,80.89268293
Germany,2019,43311.62898,5440.251465,80.94146341
Ghana,2008,1319.173589,63.90114212,60.216
Ghana,2009,1348.341403,63.79364777,60.645
Ghana,2010,1419.120302,73.89850616,61.03
Ghana,2011,1579.699593,98.95211029,61.381
Ghana,2012,1686.069544,86.2456131,61.72
Ghana,2013,1767.80207,108.4303589,62.064
Ghana,2014,1777.096707,80.82213593,62.416
Ghana,2015,1774.074771,80.59490204,62.772
Ghana,2016,1793.180856,66.85624695,63.124
Ghana,2017,1896.366732,68.02945709,63.463
Ghana,2018,1970.260829,76.83074188,63.78
Ghana,2019,2053.586731,75.28166199,64.074
Greece,2008,23919.08815,2840.508545,79.93902439
Greece,2009,22830.26326,2809.05957,80.18780488
Greece,2010,21551.68438,2564.369385,80.38780488
Greece,2011,19393.00707,2338.915039,80.73170732
Greece,2012,18116.38395,1948.248535,80.63414634
Greece,2013,17789.10216,1813.87793,81.28536585
Greece,2014,17993.18087,1705.114502,81.38536585
Greece,2015,18076.60676,1452.052002,81.03658537
Greece,2016,18063.51485,1488.19812,81.38780488
Greece,2017,18296.9479,1505.945923,81.28780488
Greece,2018,18639.99795,1572.684204,81.78780488
Greece,2019,18996.188,1500.594971,81.93902439
Guatemala,2008,3620.830465,174.7788696,70.75
Guatemala,2009,3570.302838,168.1847839,71.108
Guatemala,2010,3606.430549,173.7517853,71.481
Guatemala,2011,3688.866164,189.2429047,71.861
Guatemala,2012,3731.675784,198.4665527,72.236
Guatemala,2013,3802.153802,196.1355896,72.596
Guatemala,2014,3903.059615,213.942749,72.935
Guatemala,2015,3994.636913,229.8061981,73.25
Guatemala,2016,4034.158482,241.7825317,73.541
Guatemala,2017,4091.268,259.9125061,73.81
Guatemala,2018,4160.071138,259.6201782,74.063
Guatemala,2019,4254.035159,271.0212708,74.302
Guinea,2008,696.0313211,23.32743073,55.614
Guinea,2009,672.6307283,24.11286354,56.279
Guinea,2010,689.2566887,23.04636955,56.861
Guinea,2011,711.9908716,24.67529106,57.387
Guinea,2012,737.7130522,24.29986,57.905
Guinea,2013,749.8700765,26.61382103,58.447
Guinea,2014,759.5878624,37.69287872,59.016
Guinea,2015,769.2554754,44.68756485,59.598
Guinea,2016,830.2461639,39.52141953,60.17
Guinea,2017,890.7886425,33.49687195,60.706
Guinea,2018,920.9642433,35.70616531,61.185
Guinea,2019,945.7693487,43.03782272,61.602
Guinea-Bissau,2008,569.9528355,46.37084961,53.612
Guinea-Bissau,2009,574.4708047,41.68201065,54.113
Guinea-Bissau,2010,585.691609,38.65888214,54.628
Guinea-Bissau,2011,616.6835424,46.01939011,55.144
Guinea-Bissau,2012,590.2660564,38.86497116,55.645
Guinea-Bissau,2013,593.4814426,47.39303589,56.117
Guinea-Bissau,2014,583.5661262,66.8697052,56.556
Guinea-Bissau,2015,603.3993815,53.94601822,56.959
Guinea-Bissau,2016,624.9197523,58.17870712,57.328
Guinea-Bissau,2017,645.3590865,56.28972626,57.673
Guinea-Bissau,2018,637.5466812,61.23582077,58.003
Guinea-Bissau,2019,650.0693824,62.57557678,58.322
Guyana,2008,4512.38526,140.1471252,67.521
Guyana,2009,4681.648276,151.0963898,67.792
Guyana,2010,4847.43148,162.6649628,68.059
Guyana,2011,5088.607045,184.6599579,68.321
Guyana,2012,5338.712684,199.4534454,68.575
Guyana,2013,5505.389992,208.7132416,68.819
Guyana,2014,5568.218212,213.4478455,69.049
Guyana,2015,5576.825852,224.3363495,69.262
Guyana,2016,5759.691656,233.5249481,69.454
Guyana,2017,5945.068732,264.5422669,69.624
Guyana,2018,6178.889746,301.4482727,69.774
Guyana,2019,6478.287688,325.8851624,69.906
Haiti,2008,1338.763435,39.96041489,59.782
Haiti,2009,1395.705502,40.94065857,60.148
Haiti,2010,1296.805666,54.9171524,60.511
Haiti,2011,1342.543642,75.70629883,60.879
Haiti,2012,1329.465754,73.7585144,61.26
Haiti,2013,1366.992645,58.3646965,61.658
Haiti,2014,1370.986894,64.02371216,62.069
Haiti,2015,1386.854191,67.40187836,62.485
Haiti,2016,1393.176577,59.13440323,62.896
Haiti,2017,1409.632537,62.79301834,63.29
Haiti,2018,1414.999409,63.13831329,63.66
Haiti,2019,1373.883104,56.99440002,64.001
Honduras,2008,2168.587491,149.6478577,72.803
Honduras,2009,2071.770755,161.0005493,73.061
Honduras,2010,2106.002756,166.1611633,73.317
Honduras,2011,2144.69981,183.6016846,73.569
Honduras,2012,2191.888954,185.6259155,73.814
Honduras,2013,2212.660108,178.2416534,74.051
Honduras,2014,2240.334719,174.5997925,74.278
Honduras,2015,2286.203037,172.2920532,74.495
Honduras,2016,2334.75241,180.1677551,74.701
Honduras,2017,2406.747191,171.5148926,74.898
Honduras,2018,2457.966708,180.889801,75.088
Honduras,2019,2482.120205,187.5543366,75.27
Hungary,2008,11937.04911,1117.202271,73.70243902
Hungary,2009,11167.02945,943.6876831,73.90487805
Hungary,2010,11313.52289,983.1108398,74.20731707
Hungary,2011,11556.67264,1063.432251,74.85853659
Hungary,2012,11470.40343,961.1383667,75.06341463
Hungary,2013,11709.80143,990.6311646,75.56585366
Hungary,2014,12237.31167,1006.156494,75.76341463
Hungary,2015,12720.71202,870.5194092,75.56829268
Hungary,2016,13037.96469,914.1935425,76.06341463
Hungary,2017,13630.68824,985.7990112,75.81707317
Hungary,2018,14379.4442,1074.017578,76.06585366
Hungary,2019,15041.09858,1062.394165,76.02195122
Iceland,2008,53821.47082,4851.421387,81.6097561
Iceland,2009,49527.39883,3652.208496,81.75121951
Iceland,2010,48193.7014,3589.555664,81.89756098
Iceland,2011,48933.54566,3860.030029,82.35853659
Iceland,2012,49191.57442,3705.946045,82.91707317
Iceland,2013,50946.81626,4029.233154,82.06097561
Iceland,2014,51233.24405,4474.549316,82.86097561
Iceland,2015,52951.68151,4280.490723,82.46829268
Iceland,2016,55513.6423,5068.100098,82.20487805
Iceland,2017,56501.45768,6144.546387,82.66097561
Iceland,2018,57699.45893,6565.879395,82.86097561
Iceland,2019,57818.85946,6274.959473,82.56097561
India,2008,1093.076551,37.88212204,65.794
India,2009,1162.498808,38.30339432,66.244
India,2010,1244.366016,45.12977219,66.693
India,2011,1292.821206,48.60390472,67.13
India,2012,1346.67591,48.94621658,67.545
India,2013,1415.828722,56.11839676,67.931
India,2014,1503.421507,57.07431793,68.286
India,2015,1605.605445,58.91690063,68.607
India,2016,1719.318076,60.60255051,68.897
India,2017,1816.730876,57.55659103,69.165
India,2018,1915.435271,60.26567459,69.416
India,2019,1972.757821,63.74832153,69.656
Indonesia,2008,2513.671592,60.42224503,68.485
Indonesia,2009,2595.298759,63.60499191,68.853
Indonesia,2010,2720.191622,87.14134216,69.205
Indonesia,2011,2849.354985,108.9061585,69.542
Indonesia,2012,2980.61011,107.6636353,69.866
Indonesia,2013,3104.348,103.9830856,70.179
Indonesia,2014,3217.317468,103.5038681,70.481
Indonesia,2015,3331.695115,97.4282608,70.768
Indonesia,2016,3456.928114,107.6494904,71.035
Indonesia,2017,3589.715543,111.4498673,71.282
Indonesia,2018,3732.867111,111.6594696,71.509
Indonesia,2019,3877.382977,120.1249619,71.716
Iran (Islamic Republic of),2008,5103.227951,302.4498291,73.027
Iran (Islamic Republic of),2009,5097.791086,371.420105,73.457
Iran (Islamic Republic of),2010,5332.108057,445.6636353,73.905
Iran (Islamic Republic of),2011,5409.202243,530.7138062,74.352
Iran (Islamic Republic of),2012,4946.536128,525.5848999,74.776
Iran (Islamic Republic of),2013,4876.124506,418.8852844,75.162
Iran (Islamic Republic of),2014,5035.816022,387.3760986,75.502
Iran (Islamic Republic of),2015,4904.327315,377.8374939,75.796
Iran (Islamic Republic of),2016,5486.407964,458.2581787,76.047
Iran (Islamic Republic of),2017,5614.117876,481.5763855,76.271
Iran (Islamic Republic of),2018,5203.16947,484.2865906,76.479
Iran (Islamic Republic of),2019,4785.027876,470.4346008,76.677
Iraq,2008,3859.758174,140.7553864,68.19
Iraq,2009,3909.291582,145.2253571,68.34
Iraq,2010,4052.062613,150.45607,68.567
Iraq,2011,4218.382369,168.7490234,68.848
Iraq,2012,4630.736522,183.9160919,69.148
Iraq,2013,4793.539392,199.5162201,69.437
Iraq,2014,4627.834818,190.6933136,69.7
Iraq,2015,4688.318017,156.8372192,69.929
Iraq,2016,5183.408969,159.7389526,70.122
Iraq,2017,4961.404508,214.3563385,70.294
Iraq,2018,4975.381048,239.4129791,70.454
Iraq,2019,5154.276848,253.3146362,70.604
Ireland,2008,48294.54102,5638.779297,80.09512195
Ireland,2009,45368.15623,5502.887695,80.1902439
Ireland,2010,45913.54544,5133.455078,80.74390244
Ireland,2011,46202.22879,5558.296875,80.74634146
Ireland,2012,45982.77713,5222.044922,80.84634146
Ireland,2013,46320.83716,5328.579102,80.94878049
Ireland,2014,49990.32605,5329.980469,81.34878049
Ireland,2015,61987.551,4561.38916,81.45365854
Ireland,2016,62543.46906,4709.168457,81.65365854
Ireland,2017,67397.11868,5010.256348,82.15609756
Ireland,2018,72578.43784,5484.221191,82.25609756
Ireland,2019,75112.80503,5428.588867,82.30243902
Israel,2008,31718.48915,2144.821533,80.95121951
Israel,2009,31323.31201,2039.003052,81.40487805
Israel,2010,32504.71335,2234.949707,81.60243902
Israel,2011,33678.13146,2437.046143,81.65609756
Israel,2012,33995.42769,2402.915771,81.70487805
Israel,2013,34960.94336,2678.361816,82.05609756
Israel,2014,35710.88627,2819.571777,82.15365854
Israel,2015,35808.43643,2670.466797,82.05121951
Israel,2016,36680.32213,2818.505371,82.40731707
Israel,2017,37550.72769,3118.433594,82.55121951
Israel,2018,38301.45366,3329.23291,82.80243902
Israel,2019,38995.23045,3456.386963,82.80487805
Italy,2008,33516.87829,3504.111572,81.48536585
Italy,2009,31602.55897,3337.750732,81.63658537
Italy,2010,32045.28407,3217.682861,82.03658537
Italy,2011,32216.498,3392.012695,82.18780488
Italy,2012,31172.01976,3086.303223,82.23902439
Italy,2013,30245.46146,3149.242676,82.6902439
Italy,2014,29967.86442,3154.275879,83.0902439
Italy,2015,30230.2263,2675.671631,82.54390244
Italy,2016,30673.30784,2699.73291,83.24390244
Italy,2017,31231.66445,2809.721436,82.94634146
Italy,2018,31580.77718,3000.710938,83.34634146
Italy,2019,32078.09159,2905.5,83.19756098
Jamaica,2008,5239.532824,276.5376892,74.103
Jamaica,2009,4986.816494,223.1118012,74.071
Jamaica,2010,4888.579138,249.0825806,74.038
Jamaica,2011,4945.948846,267.7389832,74.012
Jamaica,2012,4887.586951,254.507782,74.001
Jamaica,2013,4884.392,247.2129669,74.01
Jamaica,2014,4889.986309,249.7215576,74.042
Jamaica,2015,4907.927415,276.0567322,74.098
Jamaica,2016,4949.369484,276.1369019,74.175
Jamaica,2017,4973.724172,311.7326355,74.267
Jamaica,2018,5043.54079,319.8771668,74.368
Jamaica,2019,5065.374889,327.4035339,74.475
Japan,2008,33557.6454,3213.695557,82.58756098
Japan,2009,31651.08377,3686.154297,82.93146341
Japan,2010,32942.20208,4060.490967,82.84268293
Japan,2011,33011.13423,5087.356445,82.59121951
Japan,2012,33518.44494,5212.183594,83.09609756
Japan,2013,34239.88625,4336.106934,83.33195122
Japan,2014,34386.90586,4099.280273,83.58780488
Japan,2015,34960.63938,3733.376465,83.79390244
Japan,2016,35264.81336,4174.422363,83.98487805
Japan,2017,35914.64127,4121.036621,84.0997561
Japan,2018,36188.62003,4256.095703,84.21097561
Japan,2019,36362.35732,4360.473633,84.35634146
Jordan,2008,4786.748451,293.3645935,73.099
Jordan,2009,4781.60509,328.3468628,73.266
Jordan,2010,4644.16937,305.2936096,73.428
Jordan,2011,4521.40808,313.9347839,73.581
Jordan,2012,4386.745095,305.7170715,73.722
Jordan,2013,4274.547909,289.8249817,73.851
Jordan,2014,4221.089517,297.8348999,73.969
Jordan,2015,4164.108769,310.6847229,74.078
Jordan,2016,4119.252115,298.8091736,74.184
Jordan,2017,4105.720951,337.7554016,74.292
Jordan,2018,4109.752429,335.2105713,74.405
Jordan,2019,4133.549805,334.04422,74.526
Kazakhstan,2008,8554.823573,256.544281,67.11
Kazakhstan,2009,8487.54483,251.4995422,68.39
Kazakhstan,2010,8979.332284,249.2689209,68.45
Kazakhstan,2011,9506.734053,303.9808655,68.69
Kazakhstan,2012,9823.693897,377.1272888,69.52
Kazakhstan,2013,10264.29807,370.0940247,70.62
Kazakhstan,2014,10539.04468,380.6600952,71.44
Kazakhstan,2015,10510.77189,319.0499268,71.97
Kazakhstan,2016,10476.34757,263.4837341,72.41
Kazakhstan,2017,10758.52088,281.6177673,72.95
Kazakhstan,2018,11053.36206,275.8546143,73.15
Kazakhstan,2019,11402.76011,272.9652405,73.18
Kenya,2008,1255.025094,54.57352448,58.76
Kenya,2009,1261.348515,54.56043243,59.932
Kenya,2010,1326.385821,58.21165848,60.959
Kenya,2011,1357.253632,56.46788025,61.851
Kenya,2012,1381.968708,63.82013702,62.659
Kenya,2013,1397.378658,66.80593872,63.419
Kenya,2014,1430.445225,71.83386993,64.135
Kenya,2015,1464.554009,69.77667999,64.798
Kenya,2016,1489.758779,72.51428223,65.393
Kenya,2017,1510.581385,65.11084747,65.909
Kenya,2018,1559.243695,73.54042816,66.342
Kenya,2019,1600.128419,83.41162872,66.699
Democratic People's Republic of Korea,2008,NA,NA,68.884
Democratic People's Republic of Korea,2009,NA,NA,69.185
Democratic People's Republic of Korea,2010,NA,NA,69.571
Democratic People's Republic of Korea,2011,NA,NA,70.012
Democratic People's Republic of Korea,2012,NA,NA,70.454
Democratic People's Republic of Korea,2013,NA,NA,70.853
Democratic People's Republic of Korea,2014,NA,NA,71.198
Democratic People's Republic of Korea,2015,NA,NA,71.481
Democratic People's Republic of Korea,2016,NA,NA,71.711
Democratic People's Republic of Korea,2017,NA,NA,71.91
Democratic People's Republic of Korea,2018,NA,NA,72.095
Democratic People's Republic of Korea,2019,NA,NA,72.274
Republic of Korea,2008,23882.7305,1151.716064,79.51707317
Republic of Korea,2009,23948.47224,1105.790527,79.96829268
Republic of Korea,2010,25451.00416,1365.912842,80.11707317
Republic of Korea,2011,26186.89754,1512.532715,80.56829268
Republic of Korea,2012,26675.44017,1565.656006,80.8195122
Republic of Korea,2013,27394.65031,1700.952881,81.27073171
Republic of Korea,2014,28094.9177,1899.138916,81.72195122
Republic of Korea,2015,28732.23108,1919.037354,82.02439024
Republic of Korea,2016,29461.78401,2033.851196,82.27560976
Republic of Korea,2017,30307.39524,2257.517578,82.62682927
Republic of Korea,2018,31040.65545,2543.596436,82.62682927
Republic of Korea,2019,31674.31152,2624.533203,83.22682927
Kuwait,2008,39777.28691,1067.61731,73.976
Kuwait,2009,34800.30883,1016.609375,74.162
Kuwait,2010,32035.37848,1033.383789,74.358
Kuwait,2011,33166.91962,1134.392944,74.55
Kuwait,2012,33455.23897,1212.570435,74.728
Kuwait,2013,32136.13317,1228.76709,74.885
Kuwait,2014,30857.16042,1285.00769,75.019
Kuwait,2015,29869.55275,1259.18457,75.13
Kuwait,2016,29801.23802,1308.106201,75.224
Kuwait,2017,27702.18785,1384.578247,75.311
Kuwait,2018,27496.84619,1733.809082,75.398
Kuwait,2019,27156.47535,1758.674194,75.489
Kyrgyzstan,2008,966.4153604,63.82300568,68.45121951
Kyrgyzstan,2009,982.3771732,60.6509285,69.10243902
Kyrgyzstan,2010,966.15073,61.45378494,69.3
Kyrgyzstan,2011,1011.315529,79.82953644,69.60243902
Kyrgyzstan,2012,993.7374233,99.98524475,70.00243902
Kyrgyzstan,2013,1080.54823,104.7845841,70.20243902
Kyrgyzstan,2014,1101.705332,94.01564789,70.40243902
Kyrgyzstan,2015,1121.082835,80.11972809,70.65121951
Kyrgyzstan,2016,1146.103221,71.92367554,70.95121951
Kyrgyzstan,2017,1177.438736,76.98123169,71.2
Kyrgyzstan,2018,1197.610724,65.73706055,71.4
Kyrgyzstan,2019,1226.824464,62.14477539,71.6
Lao People's Democratic Republic,2008,1405.123505,27.20223045,63.271
Lao People's Democratic Republic,2009,1485.476562,36.2555275,63.797
Lao People's Democratic Republic,2010,1586.20293,34.99440384,64.306
Lao People's Democratic Republic,2011,1687.147369,27.4563961,64.797
Lao People's Democratic Republic,2012,1795.137631,32.84053421,65.267
Lao People's Democratic Republic,2013,1910.531051,43.96371841,65.717
Lao People's Democratic Republic,2014,2025.47216,45.96818924,66.144
Lao People's Democratic Republic,2015,2140.044323,52.50928497,66.546
Lao People's Democratic Republic,2016,2255.311879,54.87627792,66.924
Lao People's Democratic Republic,2017,2373.597379,61.99768066,67.277
Lao People's Democratic Republic,2018,2483.161575,57.70953369,67.61
Lao People's Democratic Republic,2019,2579.253661,68.22131348,67.923
Latvia,2008,12888.25214,913.5214844,72.4195122
Latvia,2009,11235.88167,744.6616211,73.0804878
Latvia,2010,10959.27048,689.0772095,73.48292683
Latvia,2011,11446.84698,764.5917358,73.57560976
Latvia,2012,12405.31807,745.5174561,73.77804878
Latvia,2013,12791.02264,807.1300049,73.98292683
Latvia,2014,13157.39161,856.7665405,74.12439024
Latvia,2015,13780.91355,775.8643189,74.4804878
Latvia,2016,14236.70623,874.7977295,74.5804878
Latvia,2017,14839.30822,932.5015869,74.62926829
Latvia,2018,15552.02045,1101.492554,74.78292683
Latvia,2019,16049.57936,1166.797852,75.23902439
Lebanon,2008,7978.744777,477.757019,77.911
Lebanon,2009,8706.915476,515.3891602,78.161
Lebanon,2010,9135.500685,577.359375,78.36
Lebanon,2011,8773.738319,627.6422119,78.507
Lebanon,2012,8451.412881,556.7399902,78.611
Lebanon,2013,8216.500456,560.3695068,78.683
Lebanon,2014,7950.171897,577.8790283,78.732
Lebanon,2015,7663.920232,566.7996826,78.768
Lebanon,2016,7574.603545,603.6184692,78.8
Lebanon,2017,7516.194447,606.8374023,78.833
Lebanon,2018,7345.134054,695.0587769,78.875
Lebanon,2019,6823.104085,663.0510864,78.93
Lesotho,2008,961.8700492,68.66407776,43.384
Lesotho,2009,948.3594912,80.84660339,44.146
Lesotho,2010,995.581359,97.68080139,45.1
Lesotho,2011,1037.248489,125.7211609,46.207
Lesotho,2012,1096.828456,117.2889404,47.416
Lesotho,2013,1109.037118,115.7851791,48.663
Lesotho,2014,1119.771667,113.3366242,49.891
Lesotho,2015,1146.064688,104.1573792,51.038
Lesotho,2016,1178.018451,89.53188324,52.059
Lesotho,2017,1132.009269,110.8682709,52.947
Lesotho,2018,1109.255917,124.6897278,53.705
Lesotho,2019,1096.216969,124.193634,54.331
Liberia,2008,626.1105538,41.89510345,58.229
Liberia,2009,633.6106467,44.32735443,58.971
Liberia,2010,648.5526835,45.36038589,59.6
Liberia,2011,679.7146383,54.93714142,60.146
Liberia,2012,713.0672979,56.66407394,60.663
Liberia,2013,754.4584876,59.36724091,61.186
Liberia,2014,740.3759591,65.25737,61.723
Liberia,2015,721.5810505,73.450737,62.269
Liberia,2016,692.6188889,69.98904419,62.802
Liberia,2017,692.2030424,64.49087524,63.295
Liberia,2018,683.2512964,61.22189713,63.73
Liberia,2019,650.4133691,52.56287003,64.104
Libya,2008,8709.028767,321.2136231,72.174
Libya,2009,8534.223623,355.186615,72.129
Libya,2010,8870.660932,399.019165,72.044
Libya,2011,3337.315927,309.8786621,71.956
Libya,2012,7401.481635,NA,71.901
Libya,2013,6359.87314,NA,71.907
Libya,2014,4801.830731,NA,71.981
Libya,2015,4337.919139,NA,72.121
Libya,2016,4168.691677,NA,72.311
Libya,2017,5209.865701,NA,72.52
Libya,2018,5910.388762,NA,72.724
Libya,2019,5971.849646,NA,72.913
Lithuania,2008,12420.40211,936.5093384,71.81219512
Lithuania,2009,10695.4873,864.7363892,72.91463415
Lithuania,2010,11102.48434,805.2244873,73.26829268
Lithuania,2011,12041.87765,925.4716187,73.56341463
Lithuania,2012,12673.59485,896.9370728,73.86341463
Lithuania,2013,13257.00195,958.9271851,73.91463415
Lithuania,2014,13844.43133,1021.232971,74.51707317
Lithuania,2015,14258.22933,920.1997681,74.32195122
Lithuania,2016,14804.29689,988.5279541,74.67073171
Lithuania,2017,15655.69889,1083.303345,75.4804878
Lithuania,2018,16436.97366,1249.031006,75.6804878
Lithuania,2019,17234.323,1369.979492,76.13414634
Luxembourg,2008,110050.5255,7578.749512,80.53902439
Luxembourg,2009,104532.3027,7670.59375,80.63658537
Luxembourg,2010,106501.2181,7459.835449,80.63170732
Luxembourg,2011,105247.914,7174.739258,80.98780488
Luxembourg,2012,104445.7319,6029.475098,81.39268293
Luxembourg,2013,105296.6015,6356.644531,81.8
Luxembourg,2014,105541.4839,6547.034668,82.22926829
Luxembourg,2015,105419.6085,5421.932129,82.29268293
Luxembourg,2016,108307.8863,5475.139648,82.68536585
Luxembourg,2017,107099.0479,5713.118652,82.09512195
Luxembourg,2018,107158.7363,6227.083984,82.29512195
Luxembourg,2019,108526.374,6220.741211,82.44634146
Madagascar,2008,513.733067,22.02349281,62.509
Madagascar,2009,479.5599684,20.65012169,62.944
Madagascar,2010,469.2405278,21.9508419,63.388
Madagascar,2011,463.6627472,23.57985878,63.836
Madagascar,2012,464.7431741,19.80637932,64.28
Madagascar,2013,462.7077839,20.23029709,64.713
Madagascar,2014,465.4162755,23.50832939,65.133
Madagascar,2015,467.2354316,23.23208427,65.539
Madagascar,2016,473.005165,25.02086639,65.931
Madagascar,2017,478.6106571,24.96243286,66.311
Madagascar,2018,480.8888925,22.33701324,66.681
Madagascar,2019,488.9395504,19.84997559,67.041
Malawi,2008,328.3659413,33.32744598,52.206
Malawi,2009,345.6349986,36.23827744,53.888
Malawi,2010,358.9409028,34.66256714,55.564
Malawi,2011,365.7361036,40.08781815,57.161
Malawi,2012,362.1315659,33.20030212,58.629
Malawi,2013,370.3008243,40.3452301,59.931
Malawi,2014,380.5889783,36.05779648,61.042
Malawi,2015,380.5969877,35.68380356,61.953
Malawi,2016,379.6239342,34.72793579,62.681
Malawi,2017,384.4207507,38.38741684,63.279
Malawi,2018,390.8407067,37.43349457,63.798
Malawi,2019,401.3926721,30.40028763,64.263
Malaysia,2008,8073.934416,266.9122315,74.118
Malaysia,2009,7808.658008,249.0953674,74.305
Malaysia,2010,8247.782262,290.1766052,74.493
Malaysia,2011,8550.154638,349.5854492,74.683
Malaysia,2012,8888.702522,379.3654785,74.877
Malaysia,2013,9179.366821,390.8279419,75.072
Malaysia,2014,9601.178003,425.9501038,75.268
Malaysia,2015,9955.242722,380.110321,75.461
Malaysia,2016,10258.04151,361.8544617,75.649
Malaysia,2017,10707.7483,380.0152283,75.828
Malaysia,2018,11075.57648,426.4685974,75.997
Malaysia,2019,11414.5787,436.61203,76.156
Maldives,2008,9119.296448,758.7109985,75.073
Maldives,2009,8222.044459,669.8102417,75.499
Maldives,2010,8521.838105,600.6443481,75.905
Maldives,2011,8892.911397,577.6629639,76.293
Maldives,2012,8732.629171,630.1425171,76.664
Maldives,2013,8954.556592,645.0605469,77.018
Maldives,2014,9181.711739,672.1196289,77.36
Maldives,2015,9033.41027,785.0316162,77.691
Maldives,2016,9190.003255,946.8111572,78.013
Maldives,2017,9437.906316,885.0842896,78.325
Maldives,2018,9822.53964,786.4376831,78.627
Maldives,2019,10197.09284,854.3706055,78.921
Mali,2008,706.7108272,35.15919876,54.193
Mali,2009,716.9127865,36.67557144,54.756
Mali,2010,731.5337969,33.23125458,55.251
Mali,2011,732.3973648,33.62852859,55.701
Mali,2012,705.139447,29.215271,56.135
Mali,2013,700.6975972,31.93977737,56.578
Mali,2014,728.8782936,38.01742554,57.036
Mali,2015,751.4728866,30.89645576,57.509
Mali,2016,772.1318362,29.46280289,57.987
Mali,2017,789.0726281,30.49655342,58.452
Mali,2018,802.0336182,33.39861298,58.893
Mali,2019,815.3790987,34.28177643,59.306
Malta,2008,19948.08282,1751.165039,79.63658537
Malta,2009,19573.77112,1677.362305,80.24146341
Malta,2010,20557.64638,1733.668823,81.39756098
Malta,2011,20566.33643,1960.061157,80.74634146
Malta,2012,21221.51164,1898.60144,80.74634146
Malta,2013,22070.96727,2121.082275,81.74634146
Malta,2014,23286.12311,2456.434814,82.04634146
Malta,2015,24921.60368,2243.467041,81.89756098
Malta,2016,25354.17544,2321.15332,82.45365854
Malta,2017,26672.23187,2551.716064,82.34634146
Malta,2018,27090.93248,2753.510986,82.44878049
Malta,2019,27489.4212,2531.910889,82.6
Mauritania,2008,1462.3674,47.59680939,62.015
Mauritania,2009,1421.8825,43.21328354,62.266
Mauritania,2010,1417.049466,42.46692276,62.527
Mauritania,2011,1433.335677,46.50239563,62.799
Mauritania,2012,1453.811964,48.08863068,63.079
Mauritania,2013,1470.153385,54.26546097,63.366
Mauritania,2014,1488.776422,58.04791641,63.654
Mauritania,2015,1524.071753,55.98908615,63.936
Mauritania,2016,1499.836222,47.58857727,64.208
Mauritania,2017,1549.57631,52.66540146,64.464
Mauritania,2018,1575.31217,57.29694748,64.704
Mauritania,2019,1620.994996,57.88484573,64.925
Mauritius,2008,7286.245915,321.8163147,72.57073171
Mauritius,2009,7507.827972,310.1556091,72.88243902
Mauritius,2010,7817.841119,367.1207886,72.96731707
Mauritius,2011,8123.596983,396.6121521,73.26682927
Mauritius,2012,8384.323785,398.1218872,73.86341463
Mauritius,2013,8646.992238,452.455658,74.01707317
Mauritius,2014,8954.557475,559.4445801,74.19439024
Mauritius,2015,9260.447303,529.161377,74.35317073
Mauritius,2016,9609.250985,553.2136231,74.39487805
Mauritius,2017,9966.769668,609.1685181,74.51463415
Mauritius,2018,10335.84858,656.6224976,74.41634146
Mauritius,2019,10643.77108,685.9456177,74.23585366
Mexico,2008,9181.399967,570.8305054,75.194
Mexico,2009,8568.618149,490.5658569,75.128
Mexico,2010,8878.561377,531.8894653,75.065
Mexico,2011,9076.301453,563.1089478,75.011
Mexico,2012,9280.258638,580.2183838,74.966
Mexico,2013,9282.991933,623.0515747,74.93
Mexico,2014,9426.324588,606.9298096,74.908
Mexico,2015,9616.645558,550.3400269,74.904
Mexico,2016,9751.569083,485.624176,74.917
Mexico,2017,9842.400712,506.892334,74.947
Mexico,2018,9945.776845,521.0083008,74.992
Mexico,2019,9820.448553,540.3723145,75.054
Republic of Moldova,2008,2234.777879,185.5611572,68.671
Republic of Moldova,2009,2103.344616,208.5300446,69.119
Republic of Moldova,2010,2254.93281,198.2889404,69.616
Republic of Moldova,2011,2387.508583,214.9824677,70.119
Republic of Moldova,2012,2373.739891,223.6189575,70.581
Republic of Moldova,2013,2589.111312,231.6622925,70.968
Republic of Moldova,2014,2720.214802,230.7698212,71.267
Republic of Moldova,2015,2732.457113,186.4364319,71.478
Republic of Moldova,2016,2885.874216,171.1847687,71.617
Republic of Moldova,2017,3072.79692,243.9454041,71.717
Republic of Moldova,2018,3260.527376,276.4714356,71.808
Republic of Moldova,2019,3435.477444,284.3071289,71.901
Mongolia,2008,2587.777933,97.36168671,66.447
Mongolia,2009,2514.916555,76.45706177,66.916
Mongolia,2010,2629.648326,98.84479523,67.38
Mongolia,2011,3028.16166,134.7506256,67.818
Mongolia,2012,3335.793592,167.7624207,68.217
Mongolia,2013,3650.601509,177.5317078,68.566
Mongolia,2014,3860.325723,173.6838226,68.863
Mongolia,2015,3875.321675,166.0827637,69.111
Mongolia,2016,3858.515184,161.9085999,69.321
Mongolia,2017,4000.83782,146.9620819,69.509
Mongolia,2018,4233.972689,159.3799133,69.689
Mongolia,2019,4394.988134,163.441864,69.87
Montenegro,2008,6203.040775,NA,74.43
Montenegro,2009,5831.045816,NA,74.784
Montenegro,2010,5979.519005,NA,75.151
Montenegro,2011,6166.08448,578.4375,75.505
Montenegro,2012,5993.088089,541.6729736,75.823
Montenegro,2013,6199.727716,603.7141113,76.089
Montenegro,2014,6304.192748,585.7900391,76.297
Montenegro,2015,6514.272695,583.2915039,76.452
Montenegro,2016,6704.845008,601.9786987,76.568
Montenegro,2017,7020.287014,616.2849121,76.667
Montenegro,2018,7378.500276,731.4810791,76.77
Montenegro,2019,7680.74113,735.1588745,76.884
Morocco,2008,2401.601752,155.5387726,73.546
Morocco,2009,2472.793324,169.9503632,74.003
Morocco,2010,2534.259141,169.009491,74.382
Morocco,2011,2631.454192,177.2804108,74.696
Morocco,2012,2673.045775,169.9576721,74.97
Morocco,2013,2754.849199,180.2019806,75.227
Morocco,2014,2788.72087,169.9295349,75.477
Morocco,2015,2875.257985,147.8561859,75.726
Morocco,2016,2867.015761,154.1124115,75.974
Morocco,2017,2950.212116,161.3648377,76.218
Morocco,2018,3004.63223,174.7818451,76.453
Morocco,2019,3044.906231,174.2237701,76.68
Mozambique,2008,447.6843601,23.89216423,51.292
Mozambique,2009,463.1194882,27.08139992,51.738
Mozambique,2010,479.8844861,25.66654205,52.31
Mozambique,2011,501.5002444,29.74784279,53.043
Mozambique,2012,523.2940376,34.50271606,53.931
Mozambique,2013,544.4475127,40.67847824,54.949
Mozambique,2014,568.5913343,42.67788315,56.062
Mozambique,2015,589.85905,39.61871719,57.206
Mozambique,2016,595.0776111,30.76436615,58.309
Mozambique,2017,599.6915244,35.80190659,59.309
Mozambique,2018,602.5301054,40.72650528,60.163
Mozambique,2019,598.8133059,39.46094131,60.854
Myanmar,2008,752.6491477,14.25486851,62.678
Myanmar,2009,825.6948861,18.11137199,63.089
Myanmar,2010,902.541871,19.6023674,63.525
Myanmar,2011,962.9954522,26.56099129,63.983
Myanmar,2012,1017.014364,36.11348343,64.453
Myanmar,2013,1088.059541,36.53030014,64.921
Myanmar,2014,1167.630993,52.62075806,65.378
Myanmar,2015,1196.743357,61.70107269,65.81
Myanmar,2016,1313.40763,57.93581772,66.205
Myanmar,2017,1380.152827,57.859272,66.558
Myanmar,2018,1459.643006,59.20605469,66.867
Myanmar,2019,1548.45663,60.01587296,67.134
Namibia,2008,4043.64588,412.3946838,53.817
Namibia,2009,3982.226394,383.7663269,55.207
Namibia,2010,4147.315398,517.328186,56.665
Namibia,2011,4282.036821,562.7150879,58.085
Namibia,2012,4420.72686,550.6506348,59.387
Namibia,2013,4587.978876,488.7659302,60.513
Namibia,2014,4782.03194,459.9602966,61.425
Namibia,2015,4896.61526,488.7356567,62.119
Namibia,2016,4808.650824,423.8866272,62.625
Namibia,2017,4670.94927,468.0405579,63.021
Namibia,2018,4632.390893,464.4840698,63.373
Namibia,2019,4506.173928,427.2562256,63.708
Nepal,2008,676.4507099,19.09256172,66.727
Nepal,2009,701.4083396,21.09090996,67.178
Nepal,2010,731.6618133,29.98280716,67.611
Nepal,2011,755.9141324,34.68226624,68.028
Nepal,2012,790.9881496,34.3300705,68.426
Nepal,2013,821.0732055,36.02222443,68.806
Nepal,2014,870.7816903,43.16950226,69.168
Nepal,2015,901.7496077,47.8875351,69.515
Nepal,2016,897.403788,48.31941986,69.848
Nepal,2017,964.8977952,50.3108139,70.169
Nepal,2018,1021.331877,51.13627625,70.478
Nepal,2019,1069.789098,53.24640274,70.778
Netherlands,2008,45920.67702,5382.472168,80.25121951
Netherlands,2009,44009.89998,5282.73584,80.54878049
Netherlands,2010,44372.65591,5191.728027,80.70243902
Netherlands,2011,44851.27193,5562.096191,81.20487805
Netherlands,2012,44225.18435,5284.686523,81.10487805
Netherlands,2013,44037.59054,5532.687012,81.30487805
Netherlands,2014,44503.99321,5601.902344,81.70731707
Netherlands,2015,45175.23189,4676.562012,81.5097561
Netherlands,2016,45920.31402,4753.674316,81.56097561
Netherlands,2017,46978.4488,4934.575195,81.76097561
Netherlands,2018,47807.58895,5336.984375,81.81219512
Netherlands,2019,48424.25384,5335.30127,82.01219512
New Zealand,2008,35666.1902,2839.178955,80.35121951
New Zealand,2009,35263.67132,2700.977051,80.70243902
New Zealand,2010,35406.67675,3216.223633,80.70243902
New Zealand,2011,35930.70084,3625.772461,80.90487805
New Zealand,2012,36534.93666,3805.97168,81.15609756
New Zealand,2013,37232.66132,3954.666992,81.40731707
New Zealand,2014,38015.92958,4143.788086,81.40487805
New Zealand,2015,38630.72659,3582.272949,81.45682927
New Zealand,2016,39181.69283,3746.476807,81.61243902
New Zealand,2017,39758.26432,3940.390381,81.65853659
New Zealand,2018,40304.36143,4037.462891,81.85853659
New Zealand,2019,40315.47098,4211.046387,81.70731707
Nicaragua,2008,1708.820807,107.4519959,71.915
Nicaragua,2009,1630.088517,111.0123215,72.167
Nicaragua,2010,1679.037115,115.9510269,72.428
Nicaragua,2011,1761.214111,123.3549881,72.692
Nicaragua,2012,1850.700029,131.8300629,72.951
Nicaragua,2013,1916.277595,138.3856812,73.197
Nicaragua,2014,1981.747734,154.2833862,73.429
Nicaragua,2015,2049.851666,163.2299347,73.649
Nicaragua,2016,2115.934767,169.6340332,73.86
Nicaragua,2017,2185.913301,180.0031128,74.068
Nicaragua,2018,2086.033381,173.4938355,74.275
Nicaragua,2019,1984.816775,160.7587891,74.485
Niger,2008,432.3193913,24.93084717,55.764
Niger,2009,424.3267894,24.66652679,56.557
Niger,2010,443.3512654,23.88655853,57.333
Niger,2011,436.549668,24.9305191,58.081
Niger,2012,464.1477367,22.76792526,58.79
Niger,2013,470.0864632,24.63416481,59.455
Niger,2014,482.1362248,25.06328392,60.07
Niger,2015,484.1531374,25.8883419,60.631
Niger,2016,492.5639681,22.57229996,61.137
Niger,2017,497.7198853,28.87143326,61.599
Niger,2018,513.6267859,30.2661438,62.024
Niger,2019,523.8842345,31.39763641,62.42
Nigeria,2008,2172.793771,81.22611237,49.913
Nigeria,2009,2285.734601,69.0075531,50.422
Nigeria,2010,2403.645256,76.75747681,50.896
Nigeria,2011,2464.345044,84.46363068,51.346
Nigeria,2012,2500.641181,92.61081696,51.786
Nigeria,2013,2597.008957,102.5545425,52.228
Nigeria,2014,2688.267243,107.9087524,52.672
Nigeria,2015,2687.480056,97.80262756,53.112
Nigeria,2016,2575.455449,79.37476349,53.541
Nigeria,2017,2529.385248,73.88726044,53.95
Nigeria,2018,2512.192392,66.5456543,54.332
Nigeria,2019,2502.652281,71.46572876,54.687
North Macedonia,2008,4230.733086,314.1453247,74.324
North Macedonia,2009,4207.804898,296.6654053,74.484
North Macedonia,2010,4339.96438,305.2322998,74.662
North Macedonia,2011,4433.887466,329.9504395,74.846
North Macedonia,2012,4408.296437,310.7749939,75.019
North Macedonia,2013,4530.682107,350.2098999,75.171
North Macedonia,2014,4687.296388,343.8786621,75.299
North Macedonia,2015,4861.553971,306.9151001,75.406
North Macedonia,2016,4994.558952,327.4913635,75.498
North Macedonia,2017,5043.692248,358.3068848,75.589
North Macedonia,2018,5184.694471,399.0970764,75.688
North Macedonia,2019,5386.200325,436.8871765,75.797
Norway,2008,75043.52946,7768.050293,80.59268293
Norway,2009,72823.30244,7301.959961,80.79512195
Norway,2010,72426.56522,7859.516113,80.99756098
Norway,2011,72194.781,8900.37207,81.29512195
Norway,2012,73178.78495,8970.120117,81.45121951
Norway,2013,73046.90503,9241.265625,81.75121951
Norway,2014,73650.31354,9118.317383,82.1
Norway,2015,74355.51586,7565.549805,82.30487805
Norway,2016,74493.11794,7496.768555,82.40731707
Norway,2017,75610.64948,7815.786621,82.6097561
Norway,2018,75953.58195,8271.858398,82.75853659
Norway,2019,76005.22479,8007.397949,82.90731707
Oman,2008,21142.88633,445.4979248,75.179
Oman,2009,21458.38681,476.1199036,75.44
Oman,2010,20640.30778,529.0809326,75.682
Oman,2011,19868.11831,533.0320435,75.916
Oman,2012,20102.24051,559.0185547,76.149
Oman,2013,19654.21611,584.1394043,76.388
Oman,2014,18610.81158,710.041626,76.634
Oman,2015,18444.927,695.1911621,76.887
Oman,2016,18459.22481,636.8901367,77.142
Oman,2017,17774.45186,600.7910767,77.393
Oman,2018,17393.54899,677.9642334,77.633
Oman,2019,16694.13227,624.7444458,77.861
Pakistan,2008,1239.420494,25.72966003,64.685
Pakistan,2009,1246.367912,24.05052757,64.969
Pakistan,2010,1238.873484,25.25600243,65.264
Pakistan,2011,1245.737437,27.06708336,65.562
Pakistan,2012,1262.299215,27.04106331,65.849
Pakistan,2013,1290.368627,29.97559357,66.117
Pakistan,2014,1322.720641,34.69661713,66.36
Pakistan,2015,1356.667831,35.98087311,66.577
Pakistan,2016,1402.087871,39.42575455,66.77
Pakistan,2017,1449.533515,42.25715637,66.947
Pakistan,2018,1502.891343,42.87313461,67.114
Pakistan,2019,1489.653604,39.49928665,67.273
Panama,2008,9893.695548,489.8159485,76.414
Panama,2009,9840.332935,530.0705566,76.6
Panama,2010,10232.3599,572.6137085,76.792
Panama,2011,11193.99032,616.9995117,76.989
Panama,2012,12079.54467,703.8284302,77.188
Panama,2013,12695.23487,790.7766724,77.386
Panama,2014,13113.26647,885.6642456,77.583
Panama,2015,13630.30114,928.0967407,77.776
Panama,2016,14062.44366,1050.243652,77.964
Panama,2017,14596.74109,1046.336792,78.149
Panama,2018,14880.66278,1131.660156,78.329
Panama,2019,15073.00076,1192.820801,78.506
Papua New Guinea,2008,1991.372961,35.72151947,61.442
Papua New Guinea,2009,2076.615061,37.88201141,61.739
Papua New Guinea,2010,2235.096323,41.08378601,62.029
Papua New Guinea,2011,2210.952146,55.21439743,62.316
Papua New Guinea,2012,2265.764413,74.42443085,62.604
Papua New Guinea,2013,2304.891636,81.8216095,62.892
Papua New Guinea,2014,2564.913845,95.54537964,63.181
Papua New Guinea,2015,2679.346579,48.73184967,63.466
Papua New Guinea,2016,2770.395138,58.48953247,63.744
Papua New Guinea,2017,2811.797465,60.09675598,64.01
Papua New Guinea,2018,2749.117778,63.48856354,64.263
Papua New Guinea,2019,2816.718774,65.08071899,64.501
Paraguay,2008,4420.35043,203.9134522,72.251
Paraguay,2009,4349.674295,200.3764801,72.45
Paraguay,2010,4767.277902,237.3345795,72.653
Paraguay,2011,4904.146907,310.1144104,72.86
Paraguay,2012,4803.050296,338.6645508,73.068
Paraguay,2013,5130.453891,360.0349731,73.274
Paraguay,2014,5329.369797,405.4724426,73.473
Paraguay,2015,5413.776021,362.2713928,73.662
Paraguay,2016,5570.605349,355.4480896,73.836
Paraguay,2017,5762.732645,375.3178101,73.992
Paraguay,2018,5871.281311,390.0476379,74.131
Paraguay,2019,5774.16616,388.3932495,74.254
Peru,2008,4804.804797,192.4782562,73.826
Peru,2009,4818.597212,209.9601288,74.12
Peru,2010,5177.841284,241.9286957,74.41
Peru,2011,5460.935651,264.8850403,74.697
Peru,2012,5748.590835,309.8473816,74.981
Peru,2013,6030.420249,323.1655273,75.258
Peru,2014,6109.156884,334.6873169,75.529
Peru,2015,6229.100674,312.7217102,75.792
Peru,2016,6380.025857,313.5171814,76.044
Peru,2017,6432.924329,334.8233337,76.286
Peru,2018,6574.31669,365.8638306,76.516
Peru,2019,6611.492764,370.1099548,76.736
Philippines,2008,2309.726212,77.18696594,69.515
Philippines,2009,2304.836545,79.30064392,69.667
Philippines,2010,2433.008524,91.60559845,69.823
Philippines,2011,2484.489204,98.64657593,69.984
Philippines,2012,2610.967768,112.5436096,70.149
Philippines,2013,2740.456489,122.7274628,70.315
Philippines,2014,2866.822056,109.599823,70.481
Philippines,2015,3001.043182,116.9888153,70.644
Philippines,2016,3167.502416,121.5583191,70.802
Philippines,2017,3338.441533,123.6938324,70.952
Philippines,2018,3500.933789,128.582489,71.095
Philippines,2019,3664.79067,142.0787659,71.231
Poland,2008,10156.58426,892.5968628,75.54390244
Poland,2009,10437.16185,759.6057739,75.69512195
Poland,2010,10858.53483,809.1994019,76.24634146
Poland,2011,11369.02962,866.0946655,76.69512195
Poland,2012,11519.68501,815.1418457,76.74634146
Poland,2013,11656.40309,878.088501,77
Poland,2014,12059.24671,911.2981567,77.60243902
Poland,2015,12578.49547,803.9596558,77.45121951
Poland,2016,12979.25526,813.4727783,77.85121951
Poland,2017,13604.54047,909.578186,77.75365854
Poland,2018,14332.91589,978.7356567,77.60243902
Poland,2019,15016.6733,1014.038208,77.85609756
Portugal,2008,19977.6625,2391.981201,78.52439024
Portugal,2009,19335.50252,2346.541992,78.72682927
Portugal,2010,19662.45203,2259.303711,79.02682927
Portugal,2011,19357.39531,2255.969238,80.47073171
Portugal,2012,18647.45676,1980.018677,80.37317073
Portugal,2013,18577.08158,2030.630127,80.72195122
Portugal,2014,18825.47945,2059.926514,81.12195122
Portugal,2015,19242.36647,1790.534058,81.12439024
Portugal,2016,19692.98868,1875.242188,81.12439024
Portugal,2017,20433.26671,1998.064697,81.42439024
Portugal,2018,21049.15065,2216.306641,81.32439024
Portugal,2019,21608.71971,2221.439209,80.68292683
Qatar,2008,60799.13225,1283.849243,78.775
Qatar,2009,59090.90637,1270.248535,78.945
Qatar,2010,63001.71005,1206.003052,79.108
Qatar,2011,65129.37741,1318.521973,79.26
Qatar,2012,63233.7087,1487.32019,79.399
Qatar,2013,62733.43064,1765.828369,79.527
Qatar,2014,62784.90093,2031.838135,79.646
Qatar,2015,63039.11263,1891.78418,79.758
Qatar,2016,62800.36806,1856.355713,79.868
Qatar,2017,60262.74609,1760.478882,79.981
Qatar,2018,59757.79609,1730.181885,80.1
Qatar,2019,59098.52871,1807.153931,80.227
Romania,2008,8280.304395,521.3156128,72.56585366
Romania,2009,7888.895847,449.3769226,73.3097561
Romania,2010,7626.294198,472.2075195,73.45853659
Romania,2011,7809.976847,426.5997315,74.4097561
Romania,2012,8004.909206,401.671051,74.41219512
Romania,2013,8337.673611,495.2362366,75.06341463
Romania,2014,8670.975807,503.3475342,74.9097561
Romania,2015,8969.148921,442.240387,74.91219512
Romania,2016,9444.994917,476.2450562,75.2097561
Romania,2017,10195.07473,555.1130981,75.3097561
Romania,2018,10714.01536,687.1541138,75.35853659
Romania,2019,11221.70839,738.5581665,75.45853659
Rwanda,2008,553.8304407,41.12966919,60.612
Rwanda,2009,572.9021485,45.26019287,62.129
Rwanda,2010,599.2074262,49.31543732,63.433
Rwanda,2011,630.9322169,53.07389832,64.523
Rwanda,2012,668.7991129,58.79287338,65.438
Rwanda,2013,683.401662,48.98834229,66.219
Rwanda,2014,707.7367654,51.92441177,66.884
Rwanda,2015,751.0773926,49.98083878,67.45
Rwanda,2016,775.4756879,51.84296036,67.93
Rwanda,2017,785.3046337,49.34806442,68.341
Rwanda,2018,830.4293412,52.29534531,68.7
Rwanda,2019,885.5996116,51.39912415,69.024
Samoa,2008,4329.372926,163.0090332,71.158
Samoa,2009,4092.554482,179.21492,71.412
Samoa,2010,4080.918359,192.7679138,71.663
Samoa,2011,4213.825349,220.3828125,71.906
Samoa,2012,4007.084965,205.0755768,72.136
Samoa,2013,3959.383204,257.4090881,72.351
Samoa,2014,3930.370569,259.162323,72.549
Samoa,2015,4071.926959,223.1809692,72.73
Samoa,2016,4379.510977,227.1250916,72.895
Samoa,2017,4406.635495,235.4183807,73.046
Samoa,2018,4335.207382,227.3130646,73.187
Samoa,2019,4502.926351,271.9157715,73.321
Sao Tome and Principe,2008,1352.829538,78.14442444,66.412
Sao Tome and Principe,2009,1348.190571,76.83090973,66.938
Sao Tome and Principe,2010,1402.302102,74.93682098,67.43
Sao Tome and Principe,2011,1431.060272,85.38583374,67.885
Sao Tome and Principe,2012,1445.679781,86.81771088,68.306
Sao Tome and Principe,2013,1486.238991,125.176033,68.695
Sao Tome and Principe,2014,1554.047193,120.006073,69.052
Sao Tome and Principe,2015,1584.775657,85.22420502,69.377
Sao Tome and Principe,2016,1620.056461,109.9806061,69.67
Sao Tome and Principe,2017,1651.012017,117.0106812,69.933
Sao Tome and Principe,2018,1667.857919,115.0187225,70.17
Sao Tome and Principe,2019,1672.896155,108.4464035,70.385
Saudi Arabia,2008,19117.93565,596.5264893,73.598
Saudi Arabia,2009,18202.69916,691.3226929,73.75
Saudi Arabia,2010,18568.36986,702.6710815,73.917
Saudi Arabia,2011,19813.25892,881.395752,74.089
Saudi Arabia,2012,20249.8045,1014.699646,74.254
Saudi Arabia,2013,20175.55795,1109.505737,74.402
Saudi Arabia,2014,20327.67496,1278.976563,74.533
Saudi Arabia,2015,20627.92693,1237.333496,74.651
Saudi Arabia,2016,20503.38177,1160.051636,74.761
Saudi Arabia,2017,19946.95537,1302.768555,74.874
Saudi Arabia,2018,20067.77873,1341.519775,74.998
Saudi Arabia,2019,19801.87422,1316.260254,75.133
Senegal,2008,1142.866887,49.23475647,62.88
Senegal,2009,1142.86595,50.28383255,63.607
Senegal,2010,1149.646473,51.21483612,64.284
Senegal,2011,1133.193343,57.59818649,64.898
Senegal,2012,1146.178064,56.22806931,65.448
Senegal,2013,1141.42689,60.20170975,65.939
Senegal,2014,1178.912893,61.39787674,66.37
Senegal,2015,1219.249415,53.43446732,66.747
Senegal,2016,1260.848057,54.10780716,67.078
Senegal,2017,1316.844688,54.4282608,67.38
Senegal,2018,1360.239278,61.79673004,67.665
Senegal,2019,1381.601793,59.09758377,67.941
Serbia,2008,5270.959534,671.8870239,73.88536585
Serbia,2009,5147.570156,575.262146,73.98536585
Serbia,2010,5206.087957,545.3338013,74.33658537
Serbia,2011,5354.201659,618.8942261,74.53658537
Serbia,2012,5343.580053,559.9053955,74.83658537
Serbia,2013,5524.969135,627.53302,75.18536585
Serbia,2014,5462.73603,608.8585815,75.33658537
Serbia,2015,5588.980728,491.25177,75.28780488
Serbia,2016,5805.899396,486.4294434,75.68780488
Serbia,2017,5959.522673,515.8458862,75.53902439
Serbia,2018,6261.527139,617.0865479,75.8902439
Serbia,2019,6567.909564,641.0250244,75.68536585
Sierra Leone,2008,515.57811,40.33549118,47.508
Sierra Leone,2009,520.2143399,43.41863632,48.468
Sierra Leone,2010,535.820735,43.97432327,49.382
Sierra Leone,2011,556.8468994,59.54337692,50.234
Sierra Leone,2012,627.1159414,59.97774506,51.018
Sierra Leone,2013,740.3311333,82.92144012,51.731
Sierra Leone,2014,757.1691812,140.9924011,52.372
Sierra Leone,2015,588.2288628,120.9123917,52.941
Sierra Leone,2016,610.4900558,87.09645844,53.444
Sierra Leone,2017,622.5303183,46.68696976,53.895
Sierra Leone,2018,630.4824554,44.26722717,54.309
Sierra Leone,2019,649.7603019,46.15795517,54.696
Singapore,2008,44526.02174,1295.249878,80.7902439
Singapore,2009,43255.4559,1328.52478,81.24146341
Singapore,2010,48668.57662,1496.776001,81.54146341
Singapore,2011,50685.2962,1676.001831,81.74390244
Singapore,2012,51663.4924,1828.897583,81.99512195
Singapore,2013,53292.61327,2078.594482,82.24634146
Singapore,2014,54676.70442,2206.107422,82.49512195
Singapore,2015,55646.61875,2302.599609,82.74390244
Singapore,2016,56757.91827,2476.174561,82.84634146
Singapore,2017,59271.05682,2625.00415,83.09512195
Singapore,2018,61056.58403,2667.674805,83.29756098
Singapore,2019,61173.90477,2632.713867,83.49756098
Slovakia,2008,14481.87906,1251.677246,74.70487805
Slovakia,2009,13673.58207,1320.093018,74.9097561
Slovakia,2010,14520.56149,1296.542847,75.11219512
Slovakia,2011,14884.32285,1352.438354,75.95853659
Slovakia,2012,15060.83278,1319.438354,76.1097561
Slovakia,2013,15143.1646,1370.467651,76.41219512
Slovakia,2014,15540.63222,1289.348389,76.81219512
Slovakia,2015,16335.6454,1108.878174,76.56341463
Slovakia,2016,16629.74464,1175.597046,77.16585366
Slovakia,2017,17098.78782,1189.072266,77.16585366
Slovakia,2018,17723.02119,1299.911377,77.26585366
Slovakia,2019,18160.17889,1342.074829,77.47073171
Slovenia,2008,22287.73996,2179.452393,78.76585366
Slovenia,2009,20419.95612,2125.056885,78.97073171
Slovenia,2010,20604.30164,2017.146606,79.42195122
Slovenia,2011,20738.64647,2147.805176,79.97073171
Slovenia,2012,20148.90054,1974.854004,80.12439024
Slovenia,2013,19914.46388,2055.381348,80.32195122
Slovenia,2014,20445.60933,2062.384766,81.07804878
Slovenia,2015,20881.76693,1775.86084,80.77560976
Slovenia,2016,21532.51516,1835.407349,81.17560976
Slovenia,2017,22554.68652,1925.03479,81.02926829
Slovenia,2018,23466.93053,2169.579102,81.37804878
Slovenia,2019,24061.60388,2219.100586,81.2804878
Solomon Islands,2008,1976.315144,79.02152252,70.063
Solomon Islands,2009,1980.355223,100.4435577,70.366
Solomon Islands,2010,2099.330817,134.5846558,70.674
Solomon Islands,2011,2195.183955,116.645958,70.985
Solomon Islands,2012,2177.540987,107.0663071,71.296
Solomon Islands,2013,2232.352768,107.6438904,71.601
Solomon Islands,2014,2195.302099,115.3221664,71.896
Solomon Islands,2015,2167.119928,100.5403976,72.173
Solomon Islands,2016,2234.146102,100.4202194,72.424
Solomon Islands,2017,2292.133554,98.58231354,72.645
Solomon Islands,2018,2321.136002,96.3806076,72.835
Solomon Islands,2019,2289.586843,111.9044876,72.996
Somalia,2008,NA,NA,53.326
Somalia,2009,NA,NA,53.654
Somalia,2010,NA,NA,53.99
Somalia,2011,NA,NA,54.342
Somalia,2012,NA,NA,54.713
Somalia,2013,330.4187817,NA,55.104
Somalia,2014,345.7007906,NA,55.509
Somalia,2015,386.437817,NA,55.92
Somalia,2016,407.4258551,NA,56.324
Somalia,2017,406.4272313,NA,56.709
Somalia,2018,425.4165994,NA,57.068
Somalia,2019,446.8542142,NA,57.397
South Africa,2008,6170.905329,453.9638977,55.36
South Africa,2009,5992.027283,499.7177734,56.46
South Africa,2010,6084.967978,635.0941162,57.669
South Africa,2011,6182.793901,699.9675293,58.895
South Africa,2012,6231.620759,658.1229858,60.06
South Africa,2013,6284.86025,604.7698975,61.099
South Africa,2014,6273.566318,549.696167,61.968
South Africa,2015,6259.839681,503.7594605,62.649
South Africa,2016,6209.365888,465.0881043,63.153
South Africa,2017,6192.8924,534.3883667,63.538
South Africa,2018,6199.891699,564.5032959,63.857
South Africa,2019,6125.735325,546.6884155,64.131
South Sudan,2008,2310.332481,NA,53.6
South Sudan,2009,2319.217438,NA,54.219
South Sudan,2010,2352.416049,NA,54.8
South Sudan,2011,2169.70593,NA,55.325
South Sudan,2012,1137.12983,NA,55.791
South Sudan,2013,1256.444415,NA,56.2
South Sudan,2014,1274.239618,NA,56.552
South Sudan,2015,1119.651437,NA,56.855
South Sudan,2016,NA,NA,57.12
South Sudan,2017,NA,26.38130379,57.365
South Sudan,2018,NA,26.70323944,57.604
South Sudan,2019,NA,22.63818741,57.846
Spain,2008,27014.81478,2995.049805,81.17560976
Spain,2009,25768.92618,2937.534424,81.47560976
Spain,2010,25692.36964,2789.533936,81.62682927
Spain,2011,25392.74712,2909.117676,82.47560976
Spain,2012,24625.27029,2591.016113,82.42682927
Spain,2013,24351.46219,2629.605469,83.07804878
Spain,2014,24762.38087,2679.629395,83.22926829
Spain,2015,25732.01836,2349.054443,82.83170732
Spain,2016,26489.65868,2376.721191,83.32926829
Spain,2017,27213.45167,2526.720459,83.28292683
Spain,2018,27714.65755,2740.269287,83.43170732
Spain,2019,28091.01233,2711.192871,83.48536585
Sri Lanka,2008,2674.746321,92.90744781,75.157
Sri Lanka,2009,2750.201906,100.3218689,75.286
Sri Lanka,2010,2950.390721,108.2751846,75.439
Sri Lanka,2011,3176.920341,118.9739685,75.614
Sri Lanka,2012,3462.936684,113.4489822,75.796
Sri Lanka,2013,3552.698559,137.6435242,75.974
Sri Lanka,2014,3694.300426,137.6710053,76.147
Sri Lanka,2015,3843.780672,149.9631805,76.316
Sri Lanka,2016,3972.10259,151.4750214,76.482
Sri Lanka,2017,4067.993065,148.78862,76.648
Sri Lanka,2018,4157.283876,162.1083984,76.812
Sri Lanka,2019,4225.106303,160.6969605,76.978
Saint Lucia,2008,10528.47016,427.1851502,74.571
Saint Lucia,2009,10099.23001,426.1854553,74.712
Saint Lucia,2010,10151.04649,430.2377625,74.852
Saint Lucia,2011,10619.46534,461.7883301,74.993
Saint Lucia,2012,10531.28845,454.574707,75.138
Saint Lucia,2013,10148.09889,482.4346314,75.286
Saint Lucia,2014,10280.12257,468.1247864,75.44
Saint Lucia,2015,10093.61802,462.4011536,75.596
Saint Lucia,2016,10409.5373,509.0156555,75.752
Saint Lucia,2017,10718.86,514.5582275,75.907
Saint Lucia,2018,10975.82653,501.5275574,76.057
Saint Lucia,2019,10914.50269,502.1817017,76.203
Sudan,2008,1402.908119,92.22037506,61.879
Sudan,2009,1328.226518,95.33586884,62.33
Sudan,2010,1344.171288,93.45315552,62.764
Sudan,2011,1423.379128,134.8076477,63.171
Sudan,2012,1314.220253,102.5439377,63.542
Sudan,2013,1308.153588,127.1628647,63.875
Sudan,2014,1336.501782,116.9351425,64.169
Sudan,2015,1329.635962,158.8953095,64.429
Sudan,2016,1343.134389,165.8524628,64.663
Sudan,2017,1320.646097,192.6066589,64.881
Sudan,2018,1254.859074,59.51420593,65.095
Sudan,2019,1198.517867,46.92884064,65.311
Suriname,2008,8445.364956,347.2540894,69.91
Suriname,2009,8600.246621,394.9021912,70.209
Suriname,2010,8941.993263,415.2991028,70.465
Suriname,2011,9358.026438,390.1407776,70.676
Suriname,2012,9502.017794,422.1010742,70.851
Suriname,2013,9672.669637,451.7543335,71.002
Suriname,2014,9592.518694,458.5661011,71.133
Suriname,2015,9168.237157,532.4972534,71.249
Suriname,2016,8628.855726,351.9419251,71.358
Suriname,2017,8677.782174,335.10849,71.463
Suriname,2018,9020.440787,475.0387878,71.57
Suriname,2019,9035.197014,619.2471314,71.682
Sweden,2008,48544.11589,4627.563965,81.1
Sweden,2009,46043.48094,4136.17334,81.35121951
Sweden,2010,48369.91004,4416.145508,81.45121951
Sweden,2011,49539.97261,6351.216797,81.80243902
Sweden,2012,48885.54842,6254.442383,81.70487805
Sweden,2013,49048.81875,6696.87207,81.95609756
Sweden,2014,49855.30101,6605.911621,82.25365854
Sweden,2015,51545.48361,5598.681641,82.20487805
Sweden,2016,51955.86107,5680.725586,82.30731707
Sweden,2017,52576.81028,5837.770508,82.4097561
Sweden,2018,52983.00686,6005.065918,82.55853659
Sweden,2019,53490.35182,5671.385742,82.95853659
Switzerland,2008,82997.69216,7120.651855,81.99268293
Switzerland,2009,80262.48564,7297.379883,82.04390244
Switzerland,2010,82026.72451,7705.175781,82.24634146
Switzerland,2011,82677.59903,9191.958984,82.69512195
Switzerland,2012,82800.07408,8917.119141,82.69756098
Switzerland,2013,83344.52337,9275.798828,82.79756098
Switzerland,2014,84348.39282,9578.645508,83.19756098
Switzerland,2015,84776.14217,9382.791016,82.89756098
Switzerland,2016,85570.39606,9439.424805,83.60243902
Switzerland,2017,86119.14537,9606.349609,83.55121951
Switzerland,2018,87980.67069,9870.664063,83.75365854
Switzerland,2019,88413.19171,9666.337891,83.70487805
Syrian Arab Republic,2008,1477.572513,86.41690063,73.647
Syrian Arab Republic,2009,1524.941427,90.49646759,72.938
Syrian Arab Republic,2010,1592.350737,92.73750305,72.108
Syrian Arab Republic,2011,1659.54095,80.71446228,71.27
Syrian Arab Republic,2012,1260.888751,69.83010864,70.55
Syrian Arab Republic,2013,970.1117626,NA,70.049
Syrian Arab Republic,2014,910.4424922,NA,69.821
Syrian Arab Republic,2015,916.3580331,NA,69.908
Syrian Arab Republic,2016,891.0959626,NA,70.315
Syrian Arab Republic,2017,903.7536858,NA,70.967
Syrian Arab Republic,2018,925.2420459,NA,71.779
Syrian Arab Republic,2019,952.8848807,NA,72.697
Tajikistan,2008,739.262575,42.08819199,67.911
Tajikistan,2009,751.9463107,39.5818634,68.36
Tajikistan,2010,783.5193787,42.9864502,68.736
Tajikistan,2011,822.9032077,49.65073395,69.055
Tajikistan,2012,864.700443,57.97858429,69.34
Tajikistan,2013,907.3781037,68.94046021,69.609
Tajikistan,2014,945.5254403,74.59780884,69.874
Tajikistan,2015,978.4049812,64.16710663,70.137
Tajikistan,2016,1020.616156,56.20223236,70.397
Tajikistan,2017,1066.406748,58.16766357,70.647
Tajikistan,2018,1119.642848,59.84311676,70.879
Tajikistan,2019,1174.091716,61.87225342,71.097
United Republic of Tanzania,2008,764.8581586,36.88764572,56.777
United Republic of Tanzania,2009,782.3978439,34.07072067,57.666
United Republic of Tanzania,2010,808.1404996,37.53247833,58.584
United Republic of Tanzania,2011,844.9060939,38.04220581,59.525
United Republic of Tanzania,2012,857.0876977,42.28380585,60.47
United Republic of Tanzania,2013,888.2631715,43.77843857,61.398
United Republic of Tanzania,2014,920.0779862,40.15263367,62.288
United Republic of Tanzania,2015,947.9333517,33.58757019,63.111
United Republic of Tanzania,2016,983.1658654,37.1879921,63.844
United Republic of Tanzania,2017,1018.98966,39.79175949,64.479
United Republic of Tanzania,2018,1042.987717,42.03595352,65.015
United Republic of Tanzania,2019,1071.350062,40.34330368,65.456
Thailand,2008,4884.417785,151.5072632,73.341
Thailand,2009,4826.321427,152.4855652,73.766
Thailand,2010,5163.597664,172.0929718,74.184
Thailand,2011,5182.042369,195.9727325,74.593
Thailand,2012,5531.349019,206.4648285,74.992
Thailand,2013,5654.28542,212.9985504,75.378
Thailand,2014,5685.402121,219.2957306,75.747
Thailand,2015,5840.053067,214.2065735,76.091
Thailand,2016,6018.177484,224.9945221,76.403
Thailand,2017,6247.992078,253.4068298,76.683
Thailand,2018,6489.257186,278.6308289,76.931
Thailand,2019,6617.542822,296.1651001,77.15
Timor-Leste,2008,1020.104008,42.76674271,66.276
Timor-Leste,2009,1103.863055,49.46465683,66.796
Timor-Leste,2010,1185.623103,52.1896553,67.186
Timor-Leste,2011,1234.078226,64.26586914,67.477
Timor-Leste,2012,1271.304649,71.61464691,67.72
Timor-Leste,2013,1287.263638,103.2798233,67.953
Timor-Leste,2014,1321.235802,93.70611572,68.197
Timor-Leste,2015,1332.791856,102.2269592,68.459
Timor-Leste,2016,1351.924438,93.38000488,68.735
Timor-Leste,2017,1285.139874,86.74797058,69.007
Timor-Leste,2018,1251.426645,93.64685822,69.26
Timor-Leste,2019,1466.814821,92.67004395,69.495
Togo,2008,455.5532956,28.30801582,56.178
Togo,2009,467.9041431,29.72832108,56.818
Togo,2010,483.2360995,32.09547043,57.468
Togo,2011,500.5705222,36.0716095,58.092
Togo,2012,519.3212231,37.0880394,58.661
Togo,2013,536.7290255,41.44555283,59.16
Togo,2014,553.909506,43.89037704,59.58
Togo,2015,570.9099672,38.17872238,59.927
Togo,2016,587.6580627,42.98860931,60.22
Togo,2017,598.1914231,53.94796753,60.489
Togo,2018,612.785751,54.8932724,60.76
Togo,2019,630.7905096,51.1550293,61.042
Trinidad and Tobago,2008,18518.88385,784.5031738,71.464
Trinidad and Tobago,2009,17618.83412,810.796814,71.71
Trinidad and Tobago,2010,18105.34475,861.5105591,71.946
Trinidad and Tobago,2011,17943.48295,911.3829956,72.17
Trinidad and Tobago,2012,18054.6947,934.3426514,72.382
Trinidad and Tobago,2013,18335.882,1013.182312,72.582
Trinidad and Tobago,2014,18053.47975,1054.445801,72.768
Trinidad and Tobago,2015,18214.46062,1107.185547,72.941
Trinidad and Tobago,2016,17103.86558,1110.366089,73.1
Trinidad and Tobago,2017,16515.02512,1131.281738,73.245
Trinidad and Tobago,2018,16457.19416,1143.170532,73.38
Trinidad and Tobago,2019,16192.3235,1167.933105,73.507
Tunisia,2008,3806.461136,233.339035,74.72
Tunisia,2009,3880.846556,234.1063538,74.88
Tunisia,2010,3975.729073,243.7140198,75.041
Tunisia,2011,3870.75792,274.3075256,75.206
Tunisia,2012,3983.250877,274.3434143,75.376
Tunisia,2013,4029.255783,289.5417786,75.552
Tunisia,2014,4097.073215,293.097168,75.734
Tunisia,2015,4094.836287,255.6997376,75.922
Tunisia,2016,4095.175592,244.4290619,76.115
Tunisia,2017,4139.656377,237.3644562,76.31
Tunisia,2018,4195.251005,236.7328339,76.505
Tunisia,2019,4206.954025,233.0593109,76.699
Turkey,2008,8451.479111,570.8589478,73.649
Turkey,2009,7942.031331,500.1930542,74.074
Turkey,2010,8491.588652,539.3271484,74.507
Turkey,2011,9299.137303,531.4185791,74.944
Turkey,2012,9586.769088,524.2503052,75.373
Turkey,2013,10225.71609,551.4012451,75.784
Turkey,2014,10549.67606,525.8447266,76.172
Turkey,2015,11006.27952,453.1164856,76.532
Turkey,2016,11187.05364,466.7947998,76.86
Turkey,2017,11835.26111,442.6176148,77.161
Turkey,2018,12006.81588,389.8655701,77.437
Turkey,2019,11955.43346,396.4668274,77.691
Turkmenistan,2008,3794.922165,255.4766541,66.031
Turkmenistan,2009,3968.373007,194.2538147,66.355
Turkmenistan,2010,4265.948601,221.7984467,66.657
Turkmenistan,2011,4810.896166,276.6504211,66.928
Turkmenistan,2012,5249.704149,318.8036194,67.167
Turkmenistan,2013,5679.019269,376.2167969,67.375
Turkmenistan,2014,6149.426054,437.7458191,67.552
Turkmenistan,2015,6432.685325,405.1260986,67.704
Turkmenistan,2016,6714.377521,423.0598755,67.835
Turkmenistan,2017,7032.457913,456.8391419,67.956
Turkmenistan,2018,7349.459106,460.3240662,68.073
Turkmenistan,2019,7692.578707,500.0064392,68.191
Uganda,2008,725.1252029,40.19852066,54.984
Uganda,2009,750.2984199,44.42363358,56.06
Uganda,2010,767.7385267,51.82595825,57.099
Uganda,2011,813.5351388,55.00610352,58.087
Uganda,2012,818.307499,54.68679047,59.017
Uganda,2013,820.6864349,52.37650299,59.881
Uganda,2014,834.1526237,50.24546432,60.669
Uganda,2015,847.2676289,39.37041855,61.373
Uganda,2016,855.8971759,38.24341202,61.986
Uganda,2017,850.1621977,30.68274689,62.516
Uganda,2018,870.7087403,32.0545311,62.973
Uganda,2019,894.5203669,32.40844345,63.368
Ukraine,2008,2598.832985,215.7867737,68.25146341
Ukraine,2009,2215.271969,168.286438,69.19
Ukraine,2010,2315.099789,202.3408661,70.26536585
Ukraine,2011,2449.957703,243.7808228,70.80926829
Ukraine,2012,2459.75688,275.2192688,70.94414634
Ukraine,2013,2466.484154,280.9766846,71.1595122
Ukraine,2014,2346.236976,212.7696991,71.18658537
Ukraine,2015,2124.662319,157.5774841,71.1895122
Ukraine,2016,2185.317133,157.5377045,71.47634146
Ukraine,2017,2246.738642,187.3952179,71.78097561
Ukraine,2018,2336.976329,222.4753571,71.58268293
Ukraine,2019,2425.634642,248.1334839,71.82731707
United Arab Emirates,2008,40755.11178,1303.140747,75.957
United Arab Emirates,2009,34580.21323,1296.977661,76.145
United Arab Emirates,2010,32534.81755,1314.630005,76.332
United Arab Emirates,2011,33246.14059,1438.472168,76.521
United Arab Emirates,2012,33996.53889,1403.524902,76.711
United Arab Emirates,2013,35495.76527,1523.883789,76.903
United Arab Emirates,2014,36995.70172,1588.282349,77.095
United Arab Emirates,2015,38663.4005,1385.53772,77.285
United Arab Emirates,2016,39400.01783,1322.004272,77.47
United Arab Emirates,2017,39798.52173,1650.018555,77.647
United Arab Emirates,2018,39670.93153,1817.347656,77.814
United Arab Emirates,2019,40438.33852,1842.694458,77.972
United Kingdom of Great Britain and Northern Ireland,2008,44120.92954,4301.116699,79.6
United Kingdom of Great Britain and Northern Ireland,2009,41928.60985,3841.878906,80.05121951
United Kingdom of Great Britain and Northern Ireland,2010,42487.92541,3904.50708,80.40243902
United Kingdom of Great Britain and Northern Ireland,2011,42771.64112,4156.577148,80.95121951
United Kingdom of Great Britain and Northern Ireland,2012,43099.59735,4222.084961,80.90487805
United Kingdom of Great Britain and Northern Ireland,2013,43621.05923,4344.668457,81.00487805
United Kingdom of Great Britain and Northern Ireland,2014,44596.18975,4740.110352,81.30487805
United Kingdom of Great Britain and Northern Ireland,2015,45404.56777,4477.285645,80.95609756
United Kingdom of Great Britain and Northern Ireland,2016,46081.71529,4067.175781,81.15609756
United Kingdom of Great Britain and Northern Ireland,2017,46746.64189,3966.05835,81.25609756
United Kingdom of Great Britain and Northern Ireland,2018,47231.33689,4270.221191,81.25609756
United Kingdom of Great Britain and Northern Ireland,2019,47750.87966,4312.88916,81.20487805
United States of America,2008,53688.36514,7401.369141,78.03902439
United States of America,2009,51869.70631,7657.559082,78.3902439
United States of America,2010,52759.99808,7888.352051,78.54146341
United States of America,2011,53190.23112,8080.214844,78.64146341
United States of America,2012,53989.24834,8342.580078,78.74146341
United States of America,2013,54604.13005,8522.125977,78.74146341
United States of America,2014,55574.35682,8939.396484,78.84146341
United States of America,2015,56863.3715,9392.066406,78.6902439
United States of America,2016,57418.93385,9775,78.53902439
United States of America,2017,58387.77581,10103.0918,78.53902439
United States of America,2018,59821.59227,10515.32324,78.63902439
United States of America,2019,60836.77145,10921.0127,78.78780488
Uruguay,2008,12021.63842,802.4571533,76.437
Uruguay,2009,12496.40299,816.2948608,76.603
Uruguay,2010,13433.06207,1030.621704,76.75
Uruguay,2011,14086.0179,1229.377808,76.882
Uruguay,2012,14541.03267,1329.657959,77.004
Uruguay,2013,15168.41863,1497.068848,77.124
Uruguay,2014,15609.02105,1476.200806,77.244
Uruguay,2015,15613.74597,1406.522339,77.369
Uruguay,2016,15821.35902,1450.144897,77.498
Uruguay,2017,16020.3805,1648.874634,77.632
Uruguay,2018,16037.93211,1686.071289,77.77
Uruguay,2019,16036.2964,1660.952881,77.911
Uzbekistan,2008,1917.849372,61.00310135,69.193
Uzbekistan,2009,2037.581498,71.64038086,69.435
Uzbekistan,2010,2131.357731,85.44557953,69.672
Uzbekistan,2011,2231.052724,100.3128662,69.91
Uzbekistan,2012,2354.593655,117.8411865,70.155
Uzbekistan,2013,2487.244416,130.4245758,70.41
Uzbekistan,2014,2613.748262,117.6513062,70.671
Uzbekistan,2015,2753.971072,131.8330231,70.928
Uzbekistan,2016,2867.051128,129.1727753,71.171
Uzbekistan,2017,2943.099222,93.00417328,71.388
Uzbekistan,2018,3047.308384,82.26926422,71.573
Uzbekistan,2019,3161.415381,98.57316589,71.725
Vanuatu,2008,2877.459988,82.50093842,68.824
Vanuatu,2009,2893.465354,83.70121002,68.974
Vanuatu,2010,2855.868093,100.1354828,69.123
Vanuatu,2011,2867.286018,114.2026596,69.272
Vanuatu,2012,2816.766696,117.9651566,69.421
Vanuatu,2013,2751.320903,129.7849121,69.57
Vanuatu,2014,2759.370937,106.726944,69.719
Vanuatu,2015,2695.666186,116.4973297,69.869
Vanuatu,2016,2749.073922,82.24130249,70.021
Vanuatu,2017,2849.263512,85.16284943,70.172
Vanuatu,2018,2860.012476,104.5860977,70.323
Vanuatu,2019,2900.488144,104.2496109,70.474
Zambia,2008,1067.755238,55.93905258,52.606
Zambia,2009,1133.85341,51.35781097,54.13
Zambia,2010,1214.694994,55.3928299,55.655
Zambia,2011,1244.137787,57.88014603,57.126
Zambia,2012,1297.762597,69.29530334,58.502
Zambia,2013,1321.248838,88.12820435,59.746
Zambia,2014,1340.810981,67.49678802,60.831
Zambia,2015,1338.290927,59.33764267,61.737
Zambia,2016,1347.748086,57.36268997,62.464
Zambia,2017,1354.407115,67.19523621,63.043
Zambia,2018,1368.601756,76.31442261,63.51
Zambia,2019,1348.738357,69.32437897,63.886
Zimbabwe,2008,849.6115841,NA,46.504
Zimbabwe,2009,940.5316649,NA,48.449
Zimbabwe,2010,1110.447012,99.34855652,50.64
Zimbabwe,2011,1248.729206,88.38669586,52.896
Zimbabwe,2012,1432.305854,90.28308105,55.032
Zimbabwe,2013,1435.062663,101.6749344,56.897
Zimbabwe,2014,1443.617777,116.7105408,58.41
Zimbabwe,2015,1445.069702,107.6869995,59.534
Zimbabwe,2016,1433.608776,112.411404,60.294
Zimbabwe,2017,1479.376056,115.6462012,60.812
Zimbabwe,2018,1529.026374,141.3693078,61.195
Zimbabwe,2019,1414.829099,103.0282722,61.49
Democratic Republic of the Congo,2008,392.0747166,16.34123802,55.743
Yemen,2008,2574.100985,70.82818604,64.892
Viet Nam,2008,1498.838365,59.16986084,74.625
Democratic Republic of the Congo,2009,390.1121089,13.57572556,56.35
Yemen,2009,2599.490011,66.81106567,65.255
Viet Nam,2009,1564.347486,64.43672943,74.745
Democratic Republic of the Congo,2010,404.1516141,12.89442444,56.909
Yemen,2010,2722.521398,68.86593628,65.549
Viet Nam,2010,1648.2618,78.63555908,74.837
Democratic Republic of the Congo,2011,417.7570285,12.62923431,57.427
Yemen,2011,2311.205082,65.56300354,65.768
Viet Nam,2011,1733.311285,89.58512878,74.904
Democratic Republic of the Congo,2012,432.6784074,14.01603508,57.914
Yemen,2012,2302.14829,75.14369965,65.92
Viet Nam,2012,1805.36117,108.9399719,74.958
Democratic Republic of the Congo,2013,453.9989387,16.33388329,58.381
Yemen,2013,2348.517585,79.7281189,66.016
Viet Nam,2013,1883.308537,119.5219269,75.006
Democratic Republic of the Congo,2014,480.7661915,19.36799622,58.828
Yemen,2014,2282.691868,81.05194855,66.066
Viet Nam,2014,1975.079058,117.4146042,75.056
Democratic Republic of the Congo,2015,497.3170391,19.73957443,59.254
Yemen,2015,1601.830063,73.17674255,66.085
Viet Nam,2015,2085.101349,117.8628922,75.11
Democratic Republic of the Congo,2016,492.8027749,20.57792664,59.655
Yemen,2016,1415.839376,NA,66.087
Viet Nam,2016,2191.819699,124.0594101,75.172
Democratic Republic of the Congo,2017,494.7812485,19.41378212,60.026
Yemen,2017,1311.843419,NA,66.086
Viet Nam,2017,2317.369069,140.165329,75.241
Democratic Republic of the Congo,2018,506.9582737,18.52062225,60.368
Yemen,2018,1290.925239,NA,66.096
Viet Nam,2018,2456.791224,163.1509552,75.317
Democratic Republic of the Congo,2019,512.5863194,20.57073212,60.681
Viet Nam,2019,2604.224166,180.7181854,75.4
